内容链接,内容文本,主键MD5
https://www.landchina.com//DesktopModule/BizframeExtendMdl/workList/bulWorkView.aspx?wmguid=20aae8dc-4a0c-4af5-aedf-cc153eb6efdf&recorderguid=ee972411-fb56-4deb-92f5-3fa5b564e54d&sitePath=,"沪告字[2020]第060号    2020-4-13||||宗地编号：#202006001#宗地总面积：#8779.4平方米#宗地坐落：#东至:09-02地块,南至:解放路,西至:09-04A地块,北至:城乡路#出让年限：#40年#容积率：#等于1.5#建筑密度(%)：#绿化率(%)：#建筑限高(米)：#主要用途：#其他商服用地#明细用途#用途名称#面积#其他商服用地#8779.40#投资强度：#万元/公顷#保证金：#1212万元#估价报告备案号#3100220BA0004#现状土地条件：#起始价：#加价幅度：#挂牌开始时间：#2020年05月12日09时30分#挂牌截止时间：#2020年05月21日09时30分$$$$****    经上海市奉贤区人民政府批准,上海市奉贤区规划和自然资源局决定以 &挂牌& 方式出让 &1(幅)& 地块的国有土地使用权。现将有关事项公告如下：&一、挂牌出让地块的基本情况和规划指标要求 : &二、 中华人民共和国境内外的法人、自然人和其他组织均可申请参加，申请人可以单独申请，也可以联合申请。&三、 本次国有土地使用权挂牌出让按照价高者得原则确定竞得人。 &四、 本次挂牌出让的详细资料和具体要求，见挂牌出让文件。申请人可于 &2020年04月13日& 至 &2020年05月19日& 到 &http://ghzyj.sh.gov.cn/网站、http://www.shtdsc.com& 获取 挂牌 出让文件。&五、 申请人可于 &2020年04月30日& 至 &2020年05月19日& 到 &上海市国有建设用地使用权出让网上交易系统受理平台& 向我局提交书面申请。交纳竞买保证金的截止时间为&2020年05月09日16时00分&  。经审核，申请人按规定交纳竞买保证金，具备申请条件的，我局将在 &2020年05月21日09时30分& 前确认其竞买资格。&六、 本次国有土地使用权挂牌活动&  在 &上海市土地交易市场& 进行。各地块挂牌时间分别为:&     &202006001& 号地块:&2020年05月12日09时30分& 至 &2020年05月21日09时30分& ;&七、 其他需要公告的事项:&    （一）挂牌时间截止时，有竞买人表示愿意继续竞价，转入现场竞价，通过现场竞价确定竞得人。& &八、 联系方式与银行帐户&                   联系地址：&                   联 系 人：&                   联系电话：&                   开户单位：&                   开户银行：&                   银行帐号：",3540923bd9bb106a515fdf3bb9e463e6
https://www.landchina.com//DesktopModule/BizframeExtendMdl/workList/bulWorkView.aspx?wmguid=20aae8dc-4a0c-4af5-aedf-cc153eb6efdf&recorderguid=88d48d4a-3b72-438f-a786-f18bf498ee0a&sitePath=,"沪告字[2020]第140号    2020/7/3||||宗地编号：#202014001#宗地总面积：#79331.3平方米#宗地坐落：#东至:用地红线,南至:用地红线,西至:用地红线,北至:25A-10A地块#出让年限：#70年#容积率：#等于2#建筑密度(%)：#绿化率(%)：#建筑限高(米)：#主要用途：#城镇住宅用地#明细用途#用途名称#面积#城镇住宅用地#79331.30#投资强度：#万元/公顷#保证金：#87902万元#估价报告备案号#3100620BA0102#起始价：#加价幅度：#挂牌开始时间：#2020年07月31日09时30分#挂牌截止时间：#2020年08月11日14时00分#备注：#土地用途：居住用地。出让进度安排详见本地块出让文件。$$$$****    经上海市闵行区人民政府批准,上海市闵行区规划和自然资源局决定以 &挂牌& 方式出让 &1(幅)& 地块的国有土地使用权。现将有关事项公告如下：&一、挂牌出让地块的基本情况和规划指标要求 : &二、 中华人民共和国境内外的法人、自然人和其他组织均可申请参加，申请人可以单独申请，也可以联合申请。&三、 本次国有土地使用权挂牌出让按照价高者得原则确定竞得人。 &四、 本次挂牌出让的详细资料和具体要求，见挂牌出让文件。申请人可于 &2020年07月03日& 至 &2020年07月29日& 到 &http://ghzyj.sh.gov.cn/网站、http://www.shtdsc.com& 获取 挂牌 出让文件。&五、 申请人可于 &2020年07月17日& 至 &2020年07月29日& 到 &上海市国有建设用地使用权出让网上交易系统受理平台& 向我局提交书面申请。交纳竞买保证金的截止时间为&2020年07月29日16时00分&  。经审核，申请人按规定交纳竞买保证金，具备申请条件的，我局将在 &2020年08月11日14时00分& 前确认其竞买资格。&六、 本次国有土地使用权挂牌活动&  在 &上海市国有建设用地使用权出让网上交易系统受理平台& 进行。各地块挂牌时间分别为:&     &202014001& 号地块:&2020年07月31日09时30分& 至 &2020年08月11日14时00分& ;&七、 其他需要公告的事项:&    （一）挂牌时间截止时，有竞买人表示愿意继续竞价，转入现场竞价，通过现场竞价确定竞得人。& &八、 联系方式与银行帐户&                   联系地址：&                   联 系 人：&                   联系电话：&                   开户单位：&                   开户银行：&                   银行帐号：",896c58098f05df3469e165acbb93fa94
https://www.landchina.com//DesktopModule/BizframeExtendMdl/workList/bulWorkView.aspx?wmguid=20aae8dc-4a0c-4af5-aedf-cc153eb6efdf&recorderguid=de9291e1-9611-4855-9896-0ff60bb60f6f&sitePath=,"沪标告字[2020]第00802号    2020/7/2||||宗地编号：#B202000802#宗地总面积：#14652.9平方米#宗地坐落：#东至空地，西至上海力克机械有限公司，南至汇达路，北至空地#出让年限：#20年#容积率：#等于2#建筑密度(%)：#绿化率(%)：#建筑限高(米)：#主要用途：#工业用地#明细用途#用途名称#面积#工业用地#14652.90#投资强度：#万元/公顷#保证金：#135万元#估价报告备案号#3102520BB0015#起始价：#加价幅度：#挂牌开始时间：#2020年07月07日14时00分#挂牌截止时间：#2020年07月07日17时00分#备注：#该地块为产业用地高质量标准化挂牌出让，已于2020年6月5日在http://ghzyj.sh.gov.cn/网站、http://www.shtdsc.com网站发布的上海市高质量标准化国有建设用地使用权出让信息公告沪标告字（2020）第008号中予以公告，现于2020年6月24日在上述网站发布交易提示确定现场交易时间。地块的领取出让文件、资格确认、保证方式等以本地块竞买须知的规定为准。$$$$****    经上海市金山区人民政府批准,上海市金山区规划和自然资源局决定以 &挂牌& 方式出让 &1(幅)& 地块的国有土地使用权。现将有关事项公告如下：&一、挂牌出让地块的基本情况和规划指标要求 : &二、 中华人民共和国境内外的法人、自然人和其他组织均可申请参加，申请人可以单独申请，也可以联合申请。&三、 本次国有土地使用权挂牌出让按照价高者得原则确定竞得人。 &四、 本次挂牌出让的详细资料和具体要求，见挂牌出让文件。申请人可于 &2020年06月05日& 至 &2020年07月24日& 到 &http://ghzyj.sh.gov.cn/网站、http://www.shtdsc.com网站& 获取 挂牌 出让文件。&五、 申请人可于 &2020年07月07日& 至 &2020年07月07日& 到 &上海市金山区规划和自然资源局（地址：金山大道1800号1楼）& 向我局提交书面申请。交纳竞买保证金的截止时间为&2020年07月07日17时00分&  。经审核，申请人按规定交纳竞买保证金，具备申请条件的，我局将在 &2020年07月24日17时00分& 前确认其竞买资格。&六、 本次国有土地使用权挂牌活动&  在 &上海市金山区规划和自然资源局（地址：金山大道1800号1楼）& 进行。各地块挂牌时间分别为:&     &B202000802& 号地块:&2020年07月07日14时00分& 至 &2020年07月07日17时00分& ;&七、 其他需要公告的事项:&    （一）挂牌时间截止时，有竞买人表示愿意继续竞价，转入现场竞价，通过现场竞价确定竞得人。& &八、 联系方式与银行帐户&                   联系地址：&                   联 系 人：&                   联系电话：&                   开户单位：&                   开户银行：&                   银行帐号：",d7c6155e77ba53f50f5d0bd6b6b88692
https://www.landchina.com//DesktopModule/BizframeExtendMdl/workList/bulWorkView.aspx?wmguid=20aae8dc-4a0c-4af5-aedf-cc153eb6efdf&recorderguid=191c059a-871f-44bf-be80-4a1942ed95ca&sitePath=,"沪T[2020]之00502号    2020/7/2||||宗财编号：#B202000502#宗财欧移牌：#4705.2家x米#宗财坐落：#嘀哩只道路,u至奇亚特市司已征财版规,体至友谊河,埃至月路#出让参限：#20参#容牌率：#等系2#W筑六夫(%)：#^率(%)：#W筑限凤(米)：#困户途：#代络户财#v细户途#户途浙称#移牌#代络户财#4705.20#投讯续夫：#万元/市顷#保证金：#77万元#估价瓞T备案号#3101220BA0046#起始价：#国价幅夫：#技始间：#2020参07月081400分#技截止间：#2020参07月081700分#备津：#该财块F云络户财凤多筛ч技出让，已系2020参4月26http://ghzyj.sh.gov.cn/乐本、http://www.shtdsc.com乐本党|事D化天凤多筛^来W统户财使户印出让地c市T沪T（2020）之005号末予以市T，现系2020参7月2D述乐本党|交易提坚确同现场交易间。财块事领取出让卫热、讯格确y、保证x式等以冀财块f买须众事ㄖ同F觥８貌瓶^来攫财使户印技出让现场f买采户f事x式争溃并按照脸定者位原则确同f位府。$$$$****    聘D化天闵府臂集改批,D化天闵ㄖ划和自然讯僮h同以 &技& x式出让 &1(幅)& 财块事^来攫财使户印。现将来错B项市T央[：&一、技出让财块事基冀外况和ㄖ划求 : &二、 末绩府臂新和^民内在事园府、自然府和{他组织均可收h毛国，收h府可以十独收h，也可以联合收h。&三、 冀次^来攫财使户印技出让按照价凤者位原则确同f位府。 &四、 冀次技出让事详细讯料和扬飞求，对技出让卫热。收h府可系 &2020参04月26& 至 &2020参07月24& 到 &http://ghzyj.sh.gov.cn/乐本、http://www.shtdsc.com乐本& 获取 技 出让卫热。&五、 收h府可系 &2020参07月08& 至 &2020参07月08& 到 &化天闵ㄖ划和自然讯僮（财址：闵莘松路555号513好议室）& 向G转提交北移收h。交纳f买保证金事截止间F&2020参07月081700分&  。聘审核，收h府按ㄖ同交纳f买保证金，扬备收h条热事，G转将 &2020参07月241700分& 前确y{f买讯格。&利、 冀次^来攫财使户印技具t&   &化天闵ㄖ划和自然讯僮（财址：闵莘松路555号513好议室）& 争馈８鞑瓶殚技间分别F:&     &B202000502& 号财块:&2020参07月081400分& 至 &2020参07月081700分& ;&服、 {他需市T事B项:&    （一）技间截止，来f买府表坚愿意继密f价，修现场f价，博过现场f价确同f位府。& &八、 联部x式伦银勒使&                   联部财址：&                   联 部 府：&                   联部拥话：&                   光十艺：&                   光银溃&                   银勒屎牛",3cab73bb3cffc52dbe93ed1d0cba490d
https://www.landchina.com//DesktopModule/BizframeExtendMdl/workList/bulWorkView.aspx?wmguid=20aae8dc-4a0c-4af5-aedf-cc153eb6efdf&recorderguid=d64af50a-0f4e-4013-b278-39a132169a2d&sitePath=,"沪标告字[2020]第00601号    2020/7/2||||宗地编号：#B202000601#宗地总面积：#28504.6平方米#宗地坐落：#东至神州路，南至成凯路，西至空地，北至上海泰昌健康科技股份有限公司#出让年限：#20年#容积率：#等于1.89#建筑密度(%)：#绿化率(%)：#建筑限高(米)：#主要用途：#工业用地#明细用途#用途名称#面积#工业用地#28504.60#投资强度：#万元/公顷#保证金：#307万元#估价报告备案号#3101220BA0035#起始价：#加价幅度：#挂牌开始时间：#2020年06月30日14时00分#挂牌截止时间：#2020年06月30日17时00分#备注：#该地块为产业用地高质量标准化挂牌出让，已于2020年5月7日在http://ghzyj.sh.gov.cn/网站、http://www.shtdsc.com网站发布的上海市高质量标准化国有建设用地使用权出让信息公告沪标告字（2020）第006号中予以公告，现于2020年6月22日在上述网站发布交易提示确定现场交易时间。地块的领取出让文件、资格确认、保证方式等以本地块竞买须知的规定为准。$$$$****    经上海市奉贤区人民政府批准,上海市奉贤区规划和自然资源局决定以 &挂牌& 方式出让 &1(幅)& 地块的国有土地使用权。现将有关事项公告如下：&一、挂牌出让地块的基本情况和规划指标要求 : &二、 中华人民共和国境内外的法人、自然人和其他组织均可申请参加，申请人可以单独申请，也可以联合申请。&三、 本次国有土地使用权挂牌出让按照价高者得原则确定竞得人。 &四、 本次挂牌出让的详细资料和具体要求，见挂牌出让文件。申请人可于 &2020年05月07日& 至 &2020年07月24日& 到 &http://ghzyj.sh.gov.cn/网站、http://www.shtdsc.com网站& 获取 挂牌 出让文件。&五、 申请人可于 &2020年06月30日& 至 &2020年06月30日& 到 &上海市奉贤区南桥镇南亭公路1号房地大厦903室& 向我局提交书面申请。交纳竞买保证金的截止时间为&2020年06月30日17时00分&  。经审核，申请人按规定交纳竞买保证金，具备申请条件的，我局将在 &2020年07月24日17时00分& 前确认其竞买资格。&六、 本次国有土地使用权挂牌活动&  在 &上海市奉贤区南桥镇南亭公路1号房地大厦903室& 进行。各地块挂牌时间分别为:&     &B202000601& 号地块:&2020年06月30日14时00分& 至 &2020年06月30日17时00分& ;&七、 其他需要公告的事项:&    （一）挂牌时间截止时，有竞买人表示愿意继续竞价，转入现场竞价，通过现场竞价确定竞得人。& &八、 联系方式与银行帐户&                   联系地址：&                   联 系 人：&                   联系电话：&                   开户单位：&                   开户银行：&                   银行帐号：",3db2d6699b2fec1242ea52c191275535
https://www.landchina.com//DesktopModule/BizframeExtendMdl/workList/bulWorkView.aspx?wmguid=20aae8dc-4a0c-4af5-aedf-cc153eb6efdf&recorderguid=a017f8e7-dff4-40f1-a876-b3b29ee1925c&sitePath=,"沪标告字[2020]第00404号    2020/7/2||||宗地编号：#B202000404#宗地总面积：#72263.6平方米#宗地坐落：#东至E02-04A地块，南至万水路北侧绿化带，西至正博路东侧绿化带,北至芦五公路南侧绿化带#出让年限：#20年#容积率：#等于1.82#建筑密度(%)：#绿化率(%)：#建筑限高(米)：#主要用途：#工业用地#明细用途#用途名称#面积#工业用地#72263.60#投资强度：#万元/公顷#保证金：#877万元#估价报告备案号#3100620BA0123#起始价：#加价幅度：#挂牌开始时间：#2020年06月30日14时00分#挂牌截止时间：#2020年06月30日17时00分#备注：#该地块为产业用地高质量标准化挂牌出让，已于2020年4月15日在http://ghzyj.sh.gov.cn/网站、http://www.shtdsc.com网站发布的上海市高质量标准化国有建设用地使用权出让信息公告沪标告字（2020）第004号中予以公告，现于2020年6月18日在上述网站发布交易提示确定现场交易时间。地块的领取出让文件、资格确认、保证方式等以本地块竞买须知的规定为准。$$$$****    经上海市人民政府批准,上海市规划和自然资源局决定以 &挂牌& 方式出让 &1(幅)& 地块的国有土地使用权。现将有关事项公告如下：&一、挂牌出让地块的基本情况和规划指标要求 : &二、 中华人民共和国境内外的法人、自然人和其他组织均可申请参加，申请人可以单独申请，也可以联合申请。&三、 本次国有土地使用权挂牌出让按照价高者得原则确定竞得人。 &四、 本次挂牌出让的详细资料和具体要求，见挂牌出让文件。申请人可于 &2020年04月15日& 至 &2020年07月24日& 到 &http://ghzyj.sh.gov.cn/网站、http://www.shtdsc.com网站& 获取 挂牌 出让文件。&五、 申请人可于 &2020年06月30日& 至 &2020年06月30日& 到 &上海市土地交易市场& 向我局提交书面申请。交纳竞买保证金的截止时间为&2020年06月30日17时00分&  。经审核，申请人按规定交纳竞买保证金，具备申请条件的，我局将在 &2020年07月24日17时00分& 前确认其竞买资格。&六、 本次国有土地使用权挂牌活动&  在 &上海市土地交易市场& 进行。各地块挂牌时间分别为:&     &B202000404& 号地块:&2020年06月30日14时00分& 至 &2020年06月30日17时00分& ;&七、 其他需要公告的事项:&    （一）挂牌时间截止时，有竞买人表示愿意继续竞价，转入现场竞价，通过现场竞价确定竞得人。& &八、 联系方式与银行帐户&                   联系地址：&                   联 系 人：&                   联系电话：&                   开户单位：&                   开户银行：&                   银行帐号：",eee84b4e22befde4c48a83131ab0c686
https://www.landchina.com//DesktopModule/BizframeExtendMdl/workList/bulWorkView.aspx?wmguid=20aae8dc-4a0c-4af5-aedf-cc153eb6efdf&recorderguid=f086021f-adb8-44f8-9767-af962c597351&sitePath=,"沪告字[2020]第139号    2020/7/3||||宗地编号：#202013901#宗地总面积：#8770.5平方米#宗地坐落：#东至:住宅小区,南至:东余杭路,西至:商丘路,北至:周家嘴路#出让年限：#70年#容积率：#等于2.8#建筑密度(%)：#绿化率(%)：#建筑限高(米)：#主要用途：#城镇住宅用地#明细用途#用途名称#面积#城镇住宅用地#8770.50#投资强度：#万元/公顷#保证金：#6228万元#估价报告备案号#3101620BA0007#起始价：#加价幅度：#挂牌开始时间：#2020年07月23日09时30分#挂牌截止时间：#2020年07月23日14时00分$$$$****    经上海市虹口区人民政府批准,上海市虹口区规划和自然资源局决定以 &挂牌& 方式出让 &1(幅)& 地块的国有土地使用权。现将有关事项公告如下：&一、挂牌出让地块的基本情况和规划指标要求 : &二、 中华人民共和国境内外的法人、自然人和其他组织均可申请参加，申请人可以单独申请，也可以联合申请。&三、 本次国有土地使用权挂牌出让按照价高者得原则确定竞得人。 &四、 本次挂牌出让的详细资料和具体要求，见挂牌出让文件。申请人可于 &2020年07月03日& 至 &2020年07月22日& 到 &http://ghzyj.sh.gov.cn/网站、http://www.shtdsc.com& 获取 挂牌 出让文件。&五、 申请人可于 &2020年07月08日& 至 &2020年07月22日& 到 &上海市国有建设用地使用权出让网上交易系统受理平台& 向我局提交书面申请。交纳竞买保证金的截止时间为&2020年07月22日11时30分&  。经审核，申请人按规定交纳竞买保证金，具备申请条件的，我局将在 &2020年07月23日14时00分& 前确认其竞买资格。&六、 本次国有土地使用权挂牌活动&  在 &上海市土地交易市场& 进行。各地块挂牌时间分别为:&     &202013901& 号地块:&2020年07月23日09时30分& 至 &2020年07月23日14时00分& ;&七、 其他需要公告的事项:&    （一）挂牌时间截止时，有竞买人表示愿意继续竞价，转入现场竞价，通过现场竞价确定竞得人。& &八、 联系方式与银行帐户&                   联系地址：&                   联 系 人：&                   联系电话：&                   开户单位：&                   开户银行：&                   银行帐号：",278dbc5ad408af6ed3ddc6ff8b2c7a19
https://www.landchina.com//DesktopModule/BizframeExtendMdl/workList/bulWorkView.aspx?wmguid=20aae8dc-4a0c-4af5-aedf-cc153eb6efdf&recorderguid=e18775ba-c977-478a-90eb-9020bf4a5970&sitePath=,"沪告字[2020]第142号    2020/7/9||||宗地编号：#202014201#宗地总面积：#52929.9平方米#宗地坐落：#东至:沪嘉高速、古猗园路,南至:裕丰路、真南路,西至:真南路、基地边界,北至:真南路延伸段、嘉隐园路#出让年限：#70年#容积率：#等于2.4#建筑密度(%)：#绿化率(%)：#建筑限高(米)：#主要用途：#城镇住宅用地#明细用途#用途名称#面积#城镇住宅用地#52929.90#投资强度：#万元/公顷#保证金：#71875万元#估价报告备案号#3102720BA0046#起始价：#加价幅度：#挂牌开始时间：#2020年08月06日09时30分#挂牌截止时间：#2020年08月17日14时00分#备注：#土地用途：居住用地。容积率：18-02地块:2.4,20-01地块:2.34。时间进度安排详见本地块出让文件。$$$$$$$$宗地编号：#202014202#宗地总面积：#79869.7平方米#宗地坐落：#东至:海天路,南至:涛声路河北侧绿带,西至:宝岛河东侧绿带,北至:金浪路#出让年限：#70年#容积率：#等于1.01#建筑密度(%)：#绿化率(%)：#建筑限高(米)：#主要用途：#城镇住宅用地#明细用途#用途名称#面积#城镇住宅用地#79869.70#投资强度：#万元/公顷#保证金：#17243万元#估价报告备案号#3102519BA0037#起始价：#加价幅度：#挂牌开始时间：#2020年08月06日09时30分#挂牌截止时间：#2020年08月18日14时00分#备注：#土地用途：居住用地。时间进度安排详见本地块出让文件。$$$$$$$$宗地编号：#202014203#宗地总面积：#83042.3平方米#宗地坐落：#东至:浦三路,南至:01-03和01-07地块,西至:01-02和01-06地块,北至:秀沿路（地块四至范围应以附图红线为准）#出让年限：#70年#容积率：#等于1.1#建筑密度(%)：#绿化率(%)：#建筑限高(米)：#主要用途：#城镇住宅用地#明细用途#用途名称#面积#城镇住宅用地#83042.30#投资强度：#万元/公顷#保证金：#67816万元#估价报告备案号#3101220BA0056#起始价：#加价幅度：#挂牌开始时间：#2020年08月06日09时30分#挂牌截止时间：#2020年08月18日14时00分#备注：#土地用途：居住用地。时间进度安排详见本地块出让文件。$$$$****    经上海市嘉定等区人民政府批准,上海市嘉定等区规划和自然资源局决定以 &挂牌& 方式出让 &3(幅)& 地块的国有土地使用权。现将有关事项公告如下：&一、挂牌出让地块的基本情况和规划指标要求 : &二、 中华人民共和国境内外的法人、自然人和其他组织均可申请参加，申请人可以单独申请，也可以联合申请。&三、 本次国有土地使用权挂牌出让按照价高者得原则确定竞得人。 &四、 本次挂牌出让的详细资料和具体要求，见挂牌出让文件。申请人可于 &2020年07月09日& 至 &2020年08月04日& 到 &http://ghzyj.sh.gov.cn/网站、http://www.shtdsc.com& 获取 挂牌 出让文件。&五、 申请人可于 &2020年07月24日& 至 &2020年08月04日& 到 &上海市国有建设用地使用权出让网上交易系统受理平台& 向我局提交书面申请。交纳竞买保证金的截止时间为&2020年08月04日16时00分&  。经审核，申请人按规定交纳竞买保证金，具备申请条件的，我局将在 &2020年08月17日14时00分& 前确认其竞买资格。&六、 本次国有土地使用权挂牌活动&  在 &上海市土地交易市场& 进行。各地块挂牌时间分别为:&     &202014201& 号地块:&2020年08月06日09时30分& 至 &2020年08月17日14时00分& ;&     &202014202& 号地块:&2020年08月06日09时30分& 至 &2020年08月18日14时00分& ;&     &202014203& 号地块:&2020年08月06日09时30分& 至 &2020年08月18日14时00分& ;&七、 其他需要公告的事项:&    （一）挂牌时间截止时，有竞买人表示愿意继续竞价，转入现场竞价，通过现场竞价确定竞得人。& &八、 联系方式与银行帐户&                   联系地址：&                   联 系 人：&                   联系电话：&                   开户单位：&                   开户银行：&                   银行帐号：",680c8cc0cffd7a51202c128cb2e196d9
https://www.landchina.com//DesktopModule/BizframeExtendMdl/workList/bulWorkView.aspx?wmguid=20aae8dc-4a0c-4af5-aedf-cc153eb6efdf&recorderguid=a91ab279-dbdc-4b53-a773-f936b43a47c9&sitePath=,"沪告字[2020]第141号    2020/7/9||||宗地编号：#202014101#宗地总面积：#24118平方米#宗地坐落：#东至:长楼港,南至:金水路,西至:时代大道,北至:揽工路#出让年限：#40年#容积率：#等于1#建筑密度(%)：#绿化率(%)：#建筑限高(米)：#主要用途：#餐饮用地#明细用途#用途名称#面积#餐饮用地#24118#投资强度：#万元/公顷#保证金：#4150万元#估价报告备案号#3100419BA0043#起始价：#加价幅度：#挂牌开始时间：#2020年08月06日09时30分#挂牌截止时间：#2020年08月17日09时30分#备注：#土地用途：商业、餐饮旅馆业用地$$$$****    经上海市金山区人民政府批准,上海市金山区规划和自然资源局决定以 &挂牌& 方式出让 &1(幅)& 地块的国有土地使用权。现将有关事项公告如下：&一、挂牌出让地块的基本情况和规划指标要求 : &二、 中华人民共和国境内外的法人、自然人和其他组织均可申请参加，申请人可以单独申请，也可以联合申请。&三、 本次国有土地使用权挂牌出让按照价高者得原则确定竞得人。 &四、 本次挂牌出让的详细资料和具体要求，见挂牌出让文件。申请人可于 &2020年07月09日& 至 &2020年08月13日& 到 &http://ghzyj.sh.gov.cn/网站、http://www.shtdsc.com& 获取 挂牌 出让文件。&五、 申请人可于 &2020年07月24日& 至 &2020年08月13日& 到 &上海市国有建设用地使用权出让网上交易系统受理平台& 向我局提交书面申请。交纳竞买保证金的截止时间为&2020年08月04日16时00分&  。经审核，申请人按规定交纳竞买保证金，具备申请条件的，我局将在 &2020年08月17日09时30分& 前确认其竞买资格。&六、 本次国有土地使用权挂牌活动&  在 &上海市土地交易市场& 进行。各地块挂牌时间分别为:&     &202014101& 号地块:&2020年08月06日09时30分& 至 &2020年08月17日09时30分& ;&七、 其他需要公告的事项:&    （一）挂牌时间截止时，有竞买人表示愿意继续竞价，转入现场竞价，通过现场竞价确定竞得人。& &八、 联系方式与银行帐户&                   联系地址：&                   联 系 人：&                   联系电话：&                   开户单位：&                   开户银行：&                   银行帐号：",62b715e89653ee66852657ad2b299dc9
https://www.landchina.com//DesktopModule/BizframeExtendMdl/workList/bulWorkView.aspx?wmguid=20aae8dc-4a0c-4af5-aedf-cc153eb6efdf&recorderguid=f086021f-adb8-44f8-9767-af962c597351&sitePath=,"沪告字[2020]第139号    2020/7/3||||宗地编号：#202013901#宗地总面积：#8770.5平方米#宗地坐落：#东至:住宅小区,南至:东余杭路,西至:商丘路,北至:周家嘴路#出让年限：#70年#容积率：#等于2.8#建筑密度(%)：#绿化率(%)：#建筑限高(米)：#主要用途：#城镇住宅用地#明细用途#用途名称#面积#城镇住宅用地#8770.50#投资强度：#万元/公顷#保证金：#6228万元#估价报告备案号#3101620BA0007#起始价：#加价幅度：#挂牌开始时间：#2020年07月23日09时30分#挂牌截止时间：#2020年07月23日14时00分$$$$****    经上海市虹口区人民政府批准,上海市虹口区规划和自然资源局决定以 &挂牌& 方式出让 &1(幅)& 地块的国有土地使用权。现将有关事项公告如下：&一、挂牌出让地块的基本情况和规划指标要求 : &二、 中华人民共和国境内外的法人、自然人和其他组织均可申请参加，申请人可以单独申请，也可以联合申请。&三、 本次国有土地使用权挂牌出让按照价高者得原则确定竞得人。 &四、 本次挂牌出让的详细资料和具体要求，见挂牌出让文件。申请人可于 &2020年07月03日& 至 &2020年07月22日& 到 &http://ghzyj.sh.gov.cn/网站、http://www.shtdsc.com& 获取 挂牌 出让文件。&五、 申请人可于 &2020年07月08日& 至 &2020年07月22日& 到 &上海市国有建设用地使用权出让网上交易系统受理平台& 向我局提交书面申请。交纳竞买保证金的截止时间为&2020年07月22日11时30分&  。经审核，申请人按规定交纳竞买保证金，具备申请条件的，我局将在 &2020年07月23日14时00分& 前确认其竞买资格。&六、 本次国有土地使用权挂牌活动&  在 &上海市土地交易市场& 进行。各地块挂牌时间分别为:&     &202013901& 号地块:&2020年07月23日09时30分& 至 &2020年07月23日14时00分& ;&七、 其他需要公告的事项:&    （一）挂牌时间截止时，有竞买人表示愿意继续竞价，转入现场竞价，通过现场竞价确定竞得人。& &八、 联系方式与银行帐户&                   联系地址：&                   联 系 人：&                   联系电话：&                   开户单位：&                   开户银行：&                   银行帐号：",278dbc5ad408af6ed3ddc6ff8b2c7a19
https://www.landchina.com//DesktopModule/BizframeExtendMdl/workList/bulWorkView.aspx?wmguid=20aae8dc-4a0c-4af5-aedf-cc153eb6efdf&recorderguid=88d48d4a-3b72-438f-a786-f18bf498ee0a&sitePath=,"沪告字[2020]第140号    2020/7/3||||宗地编号：#202014001#宗地总面积：#79331.3平方米#宗地坐落：#东至:用地红线,南至:用地红线,西至:用地红线,北至:25A-10A地块#出让年限：#70年#容积率：#等于2#建筑密度(%)：#绿化率(%)：#建筑限高(米)：#主要用途：#城镇住宅用地#明细用途#用途名称#面积#城镇住宅用地#79331.30#投资强度：#万元/公顷#保证金：#87902万元#估价报告备案号#3100620BA0102#起始价：#加价幅度：#挂牌开始时间：#2020年07月31日09时30分#挂牌截止时间：#2020年08月11日14时00分#备注：#土地用途：居住用地。出让进度安排详见本地块出让文件。$$$$****    经上海市闵行区人民政府批准,上海市闵行区规划和自然资源局决定以 &挂牌& 方式出让 &1(幅)& 地块的国有土地使用权。现将有关事项公告如下：&一、挂牌出让地块的基本情况和规划指标要求 : &二、 中华人民共和国境内外的法人、自然人和其他组织均可申请参加，申请人可以单独申请，也可以联合申请。&三、 本次国有土地使用权挂牌出让按照价高者得原则确定竞得人。 &四、 本次挂牌出让的详细资料和具体要求，见挂牌出让文件。申请人可于 &2020年07月03日& 至 &2020年07月29日& 到 &http://ghzyj.sh.gov.cn/网站、http://www.shtdsc.com& 获取 挂牌 出让文件。&五、 申请人可于 &2020年07月17日& 至 &2020年07月29日& 到 &上海市国有建设用地使用权出让网上交易系统受理平台& 向我局提交书面申请。交纳竞买保证金的截止时间为&2020年07月29日16时00分&  。经审核，申请人按规定交纳竞买保证金，具备申请条件的，我局将在 &2020年08月11日14时00分& 前确认其竞买资格。&六、 本次国有土地使用权挂牌活动&  在 &上海市国有建设用地使用权出让网上交易系统受理平台& 进行。各地块挂牌时间分别为:&     &202014001& 号地块:&2020年07月31日09时30分& 至 &2020年08月11日14时00分& ;&七、 其他需要公告的事项:&    （一）挂牌时间截止时，有竞买人表示愿意继续竞价，转入现场竞价，通过现场竞价确定竞得人。& &八、 联系方式与银行帐户&                   联系地址：&                   联 系 人：&                   联系电话：&                   开户单位：&                   开户银行：&                   银行帐号：",896c58098f05df3469e165acbb93fa94
https://www.landchina.com//DesktopModule/BizframeExtendMdl/workList/bulWorkView.aspx?wmguid=20aae8dc-4a0c-4af5-aedf-cc153eb6efdf&recorderguid=de9291e1-9611-4855-9896-0ff60bb60f6f&sitePath=,"沪标告字[2020]第00802号    2020/7/2||||宗地编号：#B202000802#宗地总面积：#14652.9平方米#宗地坐落：#东至空地，西至上海力克机械有限公司，南至汇达路，北至空地#出让年限：#20年#容积率：#等于2#建筑密度(%)：#绿化率(%)：#建筑限高(米)：#主要用途：#工业用地#明细用途#用途名称#面积#工业用地#14652.90#投资强度：#万元/公顷#保证金：#135万元#估价报告备案号#3102520BB0015#起始价：#加价幅度：#挂牌开始时间：#2020年07月07日14时00分#挂牌截止时间：#2020年07月07日17时00分#备注：#该地块为产业用地高质量标准化挂牌出让，已于2020年6月5日在http://ghzyj.sh.gov.cn/网站、http://www.shtdsc.com网站发布的上海市高质量标准化国有建设用地使用权出让信息公告沪标告字（2020）第008号中予以公告，现于2020年6月24日在上述网站发布交易提示确定现场交易时间。地块的领取出让文件、资格确认、保证方式等以本地块竞买须知的规定为准。$$$$****    经上海市金山区人民政府批准,上海市金山区规划和自然资源局决定以 &挂牌& 方式出让 &1(幅)& 地块的国有土地使用权。现将有关事项公告如下：&一、挂牌出让地块的基本情况和规划指标要求 : &二、 中华人民共和国境内外的法人、自然人和其他组织均可申请参加，申请人可以单独申请，也可以联合申请。&三、 本次国有土地使用权挂牌出让按照价高者得原则确定竞得人。 &四、 本次挂牌出让的详细资料和具体要求，见挂牌出让文件。申请人可于 &2020年06月05日& 至 &2020年07月24日& 到 &http://ghzyj.sh.gov.cn/网站、http://www.shtdsc.com网站& 获取 挂牌 出让文件。&五、 申请人可于 &2020年07月07日& 至 &2020年07月07日& 到 &上海市金山区规划和自然资源局（地址：金山大道1800号1楼）& 向我局提交书面申请。交纳竞买保证金的截止时间为&2020年07月07日17时00分&  。经审核，申请人按规定交纳竞买保证金，具备申请条件的，我局将在 &2020年07月24日17时00分& 前确认其竞买资格。&六、 本次国有土地使用权挂牌活动&  在 &上海市金山区规划和自然资源局（地址：金山大道1800号1楼）& 进行。各地块挂牌时间分别为:&     &B202000802& 号地块:&2020年07月07日14时00分& 至 &2020年07月07日17时00分& ;&七、 其他需要公告的事项:&    （一）挂牌时间截止时，有竞买人表示愿意继续竞价，转入现场竞价，通过现场竞价确定竞得人。& &八、 联系方式与银行帐户&                   联系地址：&                   联 系 人：&                   联系电话：&                   开户单位：&                   开户银行：&                   银行帐号：",d7c6155e77ba53f50f5d0bd6b6b88692
https://www.landchina.com//DesktopModule/BizframeExtendMdl/workList/bulWorkView.aspx?wmguid=20aae8dc-4a0c-4af5-aedf-cc153eb6efdf&recorderguid=191c059a-871f-44bf-be80-4a1942ed95ca&sitePath=,"沪标告字[2020]第00502号    2020/7/2||||宗地编号：#B202000502#宗地总面积：#4705.2平方米#宗地坐落：#东至规划道路,西至奇亚特公司已征地红线,南至友谊河,北至江月路#出让年限：#20年#容积率：#等于2#建筑密度(%)：#绿化率(%)：#建筑限高(米)：#主要用途：#工业用地#明细用途#用途名称#面积#工业用地#4705.20#投资强度：#万元/公顷#保证金：#77万元#估价报告备案号#3101220BA0046#起始价：#加价幅度：#挂牌开始时间：#2020年07月08日14时00分#挂牌截止时间：#2020年07月08日17时00分#备注：#该地块为产业用地高质量标准化挂牌出让，已于2020年4月26日在http://ghzyj.sh.gov.cn/网站、http://www.shtdsc.com网站发布的上海市高质量标准化国有建设用地使用权出让信息公告沪标告字（2020）第005号中予以公告，现于2020年7月2日在上述网站发布交易提示确定现场交易时间。地块的领取出让文件、资格确认、保证方式等以本地块竞买须知的规定为准。该地块国有土地使用权挂牌出让现场竞买采用竞指标的方式进行，并按照绩优者得原则确定竞得人。$$$$****    经上海市闵行区人民政府批准,上海市闵行区规划和自然资源局决定以 &挂牌& 方式出让 &1(幅)& 地块的国有土地使用权。现将有关事项公告如下：&一、挂牌出让地块的基本情况和规划指标要求 : &二、 中华人民共和国境内外的法人、自然人和其他组织均可申请参加，申请人可以单独申请，也可以联合申请。&三、 本次国有土地使用权挂牌出让按照价高者得原则确定竞得人。 &四、 本次挂牌出让的详细资料和具体要求，见挂牌出让文件。申请人可于 &2020年04月26日& 至 &2020年07月24日& 到 &http://ghzyj.sh.gov.cn/网站、http://www.shtdsc.com网站& 获取 挂牌 出让文件。&五、 申请人可于 &2020年07月08日& 至 &2020年07月08日& 到 &海市闵行区规划和自然资源局（地址：闵行区莘松路555号513会议室）& 向我局提交书面申请。交纳竞买保证金的截止时间为&2020年07月08日17时00分&  。经审核，申请人按规定交纳竞买保证金，具备申请条件的，我局将在 &2020年07月24日17时00分& 前确认其竞买资格。&六、 本次国有土地使用权挂牌活动&  在 &海市闵行区规划和自然资源局（地址：闵行区莘松路555号513会议室）& 进行。各地块挂牌时间分别为:&     &B202000502& 号地块:&2020年07月08日14时00分& 至 &2020年07月08日17时00分& ;&七、 其他需要公告的事项:&    （一）挂牌时间截止时，有竞买人表示愿意继续竞价，转入现场竞价，通过现场竞价确定竞得人。& &八、 联系方式与银行帐户&                   联系地址：&                   联 系 人：&                   联系电话：&                   开户单位：&                   开户银行：&                   银行帐号：",3cab73bb3cffc52dbe93ed1d0cba490d
https://www.landchina.com//DesktopModule/BizframeExtendMdl/workList/bulWorkView.aspx?wmguid=20aae8dc-4a0c-4af5-aedf-cc153eb6efdf&recorderguid=d64af50a-0f4e-4013-b278-39a132169a2d&sitePath=,"沪标告字[2020]第00601号    2020/7/2||||宗地编号：#B202000601#宗地总面积：#28504.6平方米#宗地坐落：#东至神州路，南至成凯路，西至空地，北至上海泰昌健康科技股份有限公司#出让年限：#20年#容积率：#等于1.89#建筑密度(%)：#绿化率(%)：#建筑限高(米)：#主要用途：#工业用地#明细用途#用途名称#面积#工业用地#28504.60#投资强度：#万元/公顷#保证金：#307万元#估价报告备案号#3101220BA0035#起始价：#加价幅度：#挂牌开始时间：#2020年06月30日14时00分#挂牌截止时间：#2020年06月30日17时00分#备注：#该地块为产业用地高质量标准化挂牌出让，已于2020年5月7日在http://ghzyj.sh.gov.cn/网站、http://www.shtdsc.com网站发布的上海市高质量标准化国有建设用地使用权出让信息公告沪标告字（2020）第006号中予以公告，现于2020年6月22日在上述网站发布交易提示确定现场交易时间。地块的领取出让文件、资格确认、保证方式等以本地块竞买须知的规定为准。$$$$****    经上海市奉贤区人民政府批准,上海市奉贤区规划和自然资源局决定以 &挂牌& 方式出让 &1(幅)& 地块的国有土地使用权。现将有关事项公告如下：&一、挂牌出让地块的基本情况和规划指标要求 : &二、 中华人民共和国境内外的法人、自然人和其他组织均可申请参加，申请人可以单独申请，也可以联合申请。&三、 本次国有土地使用权挂牌出让按照价高者得原则确定竞得人。 &四、 本次挂牌出让的详细资料和具体要求，见挂牌出让文件。申请人可于 &2020年05月07日& 至 &2020年07月24日& 到 &http://ghzyj.sh.gov.cn/网站、http://www.shtdsc.com网站& 获取 挂牌 出让文件。&五、 申请人可于 &2020年06月30日& 至 &2020年06月30日& 到 &上海市奉贤区南桥镇南亭公路1号房地大厦903室& 向我局提交书面申请。交纳竞买保证金的截止时间为&2020年06月30日17时00分&  。经审核，申请人按规定交纳竞买保证金，具备申请条件的，我局将在 &2020年07月24日17时00分& 前确认其竞买资格。&六、 本次国有土地使用权挂牌活动&  在 &上海市奉贤区南桥镇南亭公路1号房地大厦903室& 进行。各地块挂牌时间分别为:&     &B202000601& 号地块:&2020年06月30日14时00分& 至 &2020年06月30日17时00分& ;&七、 其他需要公告的事项:&    （一）挂牌时间截止时，有竞买人表示愿意继续竞价，转入现场竞价，通过现场竞价确定竞得人。& &八、 联系方式与银行帐户&                   联系地址：&                   联 系 人：&                   联系电话：&                   开户单位：&                   开户银行：&                   银行帐号：",3db2d6699b2fec1242ea52c191275535
https://www.landchina.com//DesktopModule/BizframeExtendMdl/workList/bulWorkView.aspx?wmguid=20aae8dc-4a0c-4af5-aedf-cc153eb6efdf&recorderguid=a017f8e7-dff4-40f1-a876-b3b29ee1925c&sitePath=,"沪标告字[2020]第00404号    2020/7/2||||宗地编号：#B202000404#宗地总面积：#72263.6平方米#宗地坐落：#东至E02-04A地块，南至万水路北侧绿化带，西至正博路东侧绿化带,北至芦五公路南侧绿化带#出让年限：#20年#容积率：#等于1.82#建筑密度(%)：#绿化率(%)：#建筑限高(米)：#主要用途：#工业用地#明细用途#用途名称#面积#工业用地#72263.60#投资强度：#万元/公顷#保证金：#877万元#估价报告备案号#3100620BA0123#起始价：#加价幅度：#挂牌开始时间：#2020年06月30日14时00分#挂牌截止时间：#2020年06月30日17时00分#备注：#该地块为产业用地高质量标准化挂牌出让，已于2020年4月15日在http://ghzyj.sh.gov.cn/网站、http://www.shtdsc.com网站发布的上海市高质量标准化国有建设用地使用权出让信息公告沪标告字（2020）第004号中予以公告，现于2020年6月18日在上述网站发布交易提示确定现场交易时间。地块的领取出让文件、资格确认、保证方式等以本地块竞买须知的规定为准。$$$$****    经上海市人民政府批准,上海市规划和自然资源局决定以 &挂牌& 方式出让 &1(幅)& 地块的国有土地使用权。现将有关事项公告如下：&一、挂牌出让地块的基本情况和规划指标要求 : &二、 中华人民共和国境内外的法人、自然人和其他组织均可申请参加，申请人可以单独申请，也可以联合申请。&三、 本次国有土地使用权挂牌出让按照价高者得原则确定竞得人。 &四、 本次挂牌出让的详细资料和具体要求，见挂牌出让文件。申请人可于 &2020年04月15日& 至 &2020年07月24日& 到 &http://ghzyj.sh.gov.cn/网站、http://www.shtdsc.com网站& 获取 挂牌 出让文件。&五、 申请人可于 &2020年06月30日& 至 &2020年06月30日& 到 &上海市土地交易市场& 向我局提交书面申请。交纳竞买保证金的截止时间为&2020年06月30日17时00分&  。经审核，申请人按规定交纳竞买保证金，具备申请条件的，我局将在 &2020年07月24日17时00分& 前确认其竞买资格。&六、 本次国有土地使用权挂牌活动&  在 &上海市土地交易市场& 进行。各地块挂牌时间分别为:&     &B202000404& 号地块:&2020年06月30日14时00分& 至 &2020年06月30日17时00分& ;&七、 其他需要公告的事项:&    （一）挂牌时间截止时，有竞买人表示愿意继续竞价，转入现场竞价，通过现场竞价确定竞得人。& &八、 联系方式与银行帐户&                   联系地址：&                   联 系 人：&                   联系电话：&                   开户单位：&                   开户银行：&                   银行帐号：",eee84b4e22befde4c48a83131ab0c686
https://www.landchina.com//DesktopModule/BizframeExtendMdl/workList/bulWorkView.aspx?wmguid=20aae8dc-4a0c-4af5-aedf-cc153eb6efdf&recorderguid=02ae4e3b-957c-4386-afc3-fe1ea42bb705&sitePath=,"沪标告字[2020]第00503号    2020/7/2||||宗地编号：#B202000503#宗地总面积：#30534.8平方米#宗地坐落：#东至正嘉路西侧绿化带，南至E08-03c地块，西至E08-03b地块,北至万水路南侧绿化带#出让年限：#20年#容积率：#等于1.96#建筑密度(%)：#绿化率(%)：#建筑限高(米)：#主要用途：#工业用地#明细用途#用途名称#面积#工业用地#30534.80#投资强度：#万元/公顷#保证金：#369万元#估价报告备案号#3100620BA0124#起始价：#加价幅度：#挂牌开始时间：#2020年06月28日14时00分#挂牌截止时间：#2020年06月28日17时00分#备注：#该地块为产业用地高质量标准化挂牌出让，已于2020年4月26日在http://ghzyj.sh.gov.cn/网站、http://www.shtdsc.com网站发布的上海市高质量标准化国有建设用地使用权出让信息公告沪标告字（2020）第005号中予以公告，现于2020年6月18日在上述网站发布交易提示确定现场交易时间。地块的领取出让文件、资格确认、保证方式等以本地块竞买须知的规定为准。$$$$****    经上海市人民政府批准,上海市规划和自然资源局决定以 &挂牌& 方式出让 &1(幅)& 地块的国有土地使用权。现将有关事项公告如下：&一、挂牌出让地块的基本情况和规划指标要求 : &二、 中华人民共和国境内外的法人、自然人和其他组织均可申请参加，申请人可以单独申请，也可以联合申请。&三、 本次国有土地使用权挂牌出让按照价高者得原则确定竞得人。 &四、 本次挂牌出让的详细资料和具体要求，见挂牌出让文件。申请人可于 &2020年04月26日& 至 &2020年07月24日& 到 &http://ghzyj.sh.gov.cn/网站、http://www.shtdsc.com网站& 获取 挂牌 出让文件。&五、 申请人可于 &2020年06月28日& 至 &2020年06月28日& 到 &上海市土地交易市场& 向我局提交书面申请。交纳竞买保证金的截止时间为&2020年06月28日17时00分&  。经审核，申请人按规定交纳竞买保证金，具备申请条件的，我局将在 &2020年07月24日17时00分& 前确认其竞买资格。&六、 本次国有土地使用权挂牌活动&  在 &上海市土地交易市场& 进行。各地块挂牌时间分别为:&     &B202000503& 号地块:&2020年06月28日14时00分& 至 &2020年06月28日17时00分& ;&七、 其他需要公告的事项:&    （一）挂牌时间截止时，有竞买人表示愿意继续竞价，转入现场竞价，通过现场竞价确定竞得人。& &八、 联系方式与银行帐户&                   联系地址：&                   联 系 人：&                   联系电话：&                   开户单位：&                   开户银行：&                   银行帐号：",7428400d5ea51c02d3f3b8d0621fde17
https://www.landchina.com//DesktopModule/BizframeExtendMdl/workList/bulWorkView.aspx?wmguid=20aae8dc-4a0c-4af5-aedf-cc153eb6efdf&recorderguid=10194f12-c0d8-4512-9856-e5d819a4ffce&sitePath=,"沪告字[2020]第138号    2020/7/1||||宗地编号：#202013801#宗地总面积：#13502.4平方米#宗地坐落：#东至:横港路,南至:泗泾塘,西至:泗泾塘,北至:规划路#出让年限：#40年#容积率：#等于2#建筑密度(%)：#绿化率(%)：#建筑限高(米)：#主要用途：#餐饮用地#明细用途#用途名称#面积#餐饮用地#13502.40#投资强度：#万元/公顷#保证金：#2782万元#估价报告备案号#3102020BA0012#起始价：#加价幅度：#挂牌开始时间：#2020年07月29日09时30分#挂牌截止时间：#2020年08月07日09时30分#备注：#土地用途：商业、餐饮旅馆业用地$$$$****    经上海市松江区人民政府批准,上海市松江区规划和自然资源局决定以 &挂牌& 方式出让 &1(幅)& 地块的国有土地使用权。现将有关事项公告如下：&一、挂牌出让地块的基本情况和规划指标要求 : &二、 中华人民共和国境内外的法人、自然人和其他组织均可申请参加，申请人可以单独申请，也可以联合申请。&三、 本次国有土地使用权挂牌出让按照价高者得原则确定竞得人。 &四、 本次挂牌出让的详细资料和具体要求，见挂牌出让文件。申请人可于 &2020年07月01日& 至 &2020年08月05日& 到 &http://ghzyj.sh.gov.cn/网站、http://www.shtdsc.com& 获取 挂牌 出让文件。&五、 申请人可于 &2020年07月16日& 至 &2020年08月05日& 到 &上海市国有建设用地使用权出让网上交易系统受理平台& 向我局提交书面申请。交纳竞买保证金的截止时间为&2020年07月27日16时00分&  。经审核，申请人按规定交纳竞买保证金，具备申请条件的，我局将在 &2020年08月07日09时30分& 前确认其竞买资格。&六、 本次国有土地使用权挂牌活动&  在 &上海市土地交易市场& 进行。各地块挂牌时间分别为:&     &202013801& 号地块:&2020年07月29日09时30分& 至 &2020年08月07日09时30分& ;&七、 其他需要公告的事项:&    （一）挂牌时间截止时，有竞买人表示愿意继续竞价，转入现场竞价，通过现场竞价确定竞得人。& &八、 联系方式与银行帐户&                   联系地址：&                   联 系 人：&                   联系电话：&                   开户单位：&                   开户银行：&                   银行帐号：",b26965d3efdf76a3c7fbfe740ca96406
https://www.landchina.com//DesktopModule/BizframeExtendMdl/workList/bulWorkView.aspx?wmguid=20aae8dc-4a0c-4af5-aedf-cc153eb6efdf&recorderguid=bf6e503e-e75b-4f80-8093-aa57cb488f93&sitePath=,"沪告字[2020]第137号    2020/6/30||||宗地编号：#202013701#宗地总面积：#37509平方米#宗地坐落：#东至:星东路,南至:平吉路,西至:智联路,北至:古龙路#出让年限：#70年#容积率：#等于2.2#建筑密度(%)：#绿化率(%)：#建筑限高(米)：#主要用途：#城镇住宅用地#明细用途#用途名称#面积#城镇住宅用地#37509#投资强度：#万元/公顷#保证金：#64366万元#估价报告备案号#3101220BA0036#起始价：#加价幅度：#挂牌开始时间：#2020年07月28日09时30分#挂牌截止时间：#2020年08月06日14时00分#备注：#土地用途：居住用地；出让方式详见本地块出让文件。$$$$****    经上海市闵行区人民政府批准,上海市闵行区规划和自然资源局决定以 &挂牌& 方式出让 &1(幅)& 地块的国有土地使用权。现将有关事项公告如下：&一、挂牌出让地块的基本情况和规划指标要求 : &二、 中华人民共和国境内外的法人、自然人和其他组织均可申请参加，申请人可以单独申请，也可以联合申请。&三、 本次国有土地使用权挂牌出让按照价高者得原则确定竞得人。 &四、 本次挂牌出让的详细资料和具体要求，见挂牌出让文件。申请人可于 &2020年06月30日& 至 &2020年07月24日& 到 &http://ghzyj.sh.gov.cn/网站、http://www.shtdsc.com& 获取 挂牌 出让文件。&五、 申请人可于 &2020年07月15日& 至 &2020年07月24日& 到 &上海市国有建设用地使用权出让网上交易系统受理平台& 向我局提交书面申请。交纳竞买保证金的截止时间为&2020年07月24日16时00分&  。经审核，申请人按规定交纳竞买保证金，具备申请条件的，我局将在 &2020年08月06日14时00分& 前确认其竞买资格。&六、 本次国有土地使用权挂牌活动&  在 &上海市土地交易市场& 进行。各地块挂牌时间分别为:&     &202013701& 号地块:&2020年07月28日09时30分& 至 &2020年08月06日14时00分& ;&七、 其他需要公告的事项:&    （一）挂牌时间截止时，有竞买人表示愿意继续竞价，转入现场竞价，通过现场竞价确定竞得人。& &八、 联系方式与银行帐户&                   联系地址：&                   联 系 人：&                   联系电话：&                   开户单位：&                   开户银行：&                   银行帐号：",5820c840ac05f25f6dd7307e5be68c69
https://www.landchina.com//DesktopModule/BizframeExtendMdl/workList/bulWorkView.aspx?wmguid=20aae8dc-4a0c-4af5-aedf-cc153eb6efdf&recorderguid=e5d4c0a8-3914-448c-811e-8a096b663ef8&sitePath=,"沪告字[2020]第136号    2020/6/30||||宗地编号：#202013601#宗地总面积：#4390.7平方米#宗地坐落：#东至:H0404地块,南至:H0406地块,西至:H0402地块,北至:W7路#出让年限：#40年#容积率：#等于1.2#建筑密度(%)：#绿化率(%)：#建筑限高(米)：#主要用途：#其他商服用地#明细用途#用途名称#面积#其他商服用地#4390.70#投资强度：#万元/公顷#保证金：#235万元#估价报告备案号#3100620BA0106#起始价：#加价幅度：#挂牌开始时间：#2020年07月28日09时30分#挂牌截止时间：#2020年08月06日09时30分$$$$$$$$宗地编号：#202013602#宗地总面积：#6127.3平方米#宗地坐落：#东至:B0503地块边界,南至:B0503地块边界,西至:规划S2路红线,北至:社区广场(B0501地块)边界及规划S3路红线#出让年限：#40年#容积率：#等于2#建筑密度(%)：#绿化率(%)：#建筑限高(米)：#主要用途：#其他商服用地#明细用途#用途名称#面积#其他商服用地#6127.30#投资强度：#万元/公顷#保证金：#571万元#估价报告备案号#3100620BA0107#起始价：#加价幅度：#挂牌开始时间：#2020年07月28日09时30分#挂牌截止时间：#2020年08月06日09时30分$$$$****    经上海市人民政府批准,上海市规划和自然资源局决定以 &挂牌& 方式出让 &2(幅)& 地块的国有土地使用权。现将有关事项公告如下：&一、挂牌出让地块的基本情况和规划指标要求 : &二、 中华人民共和国境内外的法人、自然人和其他组织均可申请参加，申请人可以单独申请，也可以联合申请。&三、 本次国有土地使用权挂牌出让按照价高者得原则确定竞得人。 &四、 本次挂牌出让的详细资料和具体要求，见挂牌出让文件。申请人可于 &2020年06月30日& 至 &2020年08月04日& 到 &http://ghzyj.sh.gov.cn/网站、http://www.shtdsc.com& 获取 挂牌 出让文件。&五、 申请人可于 &2020年07月15日& 至 &2020年08月04日& 到 &上海市国有建设用地使用权出让网上交易系统受理平台& 向我局提交书面申请。交纳竞买保证金的截止时间为&2020年07月24日16时00分&  。经审核，申请人按规定交纳竞买保证金，具备申请条件的，我局将在 &2020年08月06日09时30分& 前确认其竞买资格。&六、 本次国有土地使用权挂牌活动&  在 &上海市土地交易市场& 进行。各地块挂牌时间分别为:&     &202013601& 号地块:&2020年07月28日09时30分& 至 &2020年08月06日09时30分& ;&     &202013602& 号地块:&2020年07月28日09时30分& 至 &2020年08月06日09时30分& ;&七、 其他需要公告的事项:&    （一）挂牌时间截止时，有竞买人表示愿意继续竞价，转入现场竞价，通过现场竞价确定竞得人。& &八、 联系方式与银行帐户&                   联系地址：&                   联 系 人：&                   联系电话：&                   开户单位：&                   开户银行：&                   银行帐号：",b26f31ccb487f359a322eba05c67c332
https://www.landchina.com//DesktopModule/BizframeExtendMdl/workList/bulWorkView.aspx?wmguid=20aae8dc-4a0c-4af5-aedf-cc153eb6efdf&recorderguid=f4110b46-9023-4b5b-8666-fa413c303d53&sitePath=,"沪告字[2020]第135号    2020/6/30||||宗地编号：#202013501#宗地总面积：#40636.1平方米#宗地坐落：#东至:德胜路,南至:团青公路,西至:向阳河,北至:规划建设用地#出让年限：#50年#容积率：#等于2#建筑密度(%)：#绿化率(%)：#建筑限高(米)：#主要用途：#工业用地#明细用途#用途名称#面积#工业用地#40636.10#投资强度：#万元/公顷#保证金：#544万元#估价报告备案号#3101120BC0009#起始价：#加价幅度：#挂牌开始时间：#2020年07月21日09时30分#挂牌截止时间：#2020年07月21日14时00分$$$$$$$$宗地编号：#202013502#宗地总面积：#71760.1平方米#宗地坐落：#东至:K01-03地块,南至:K01-01绿地,西至:K01-01绿地,北至:K01-02地块#出让年限：#50年#容积率：#等于2#建筑密度(%)：#绿化率(%)：#建筑限高(米)：#主要用途：#工业用地#明细用途#用途名称#面积#工业用地#71760.10#投资强度：#万元/公顷#保证金：#847万元#估价报告备案号#3100620BA0119#起始价：#加价幅度：#挂牌开始时间：#2020年07月21日09时30分#挂牌截止时间：#2020年07月21日14时00分$$$$$$$$宗地编号：#202013503#宗地总面积：#99610.9平方米#宗地坐落：#东至:奔腾路,南至:金沙路,西至:层林路,北至:奔腾路与层林路交汇点#出让年限：#50年#容积率：#等于2#建筑密度(%)：#绿化率(%)：#建筑限高(米)：#主要用途：#工业用地#明细用途#用途名称#面积#工业用地#99610.90#投资强度：#万元/公顷#保证金：#1179万元#估价报告备案号#3100620BB0118#起始价：#加价幅度：#挂牌开始时间：#2020年07月21日09时30分#挂牌截止时间：#2020年07月21日14时00分$$$$****    经上海市奉贤区人民政府等批准,上海市奉贤区规划和自然资源局等决定以 &挂牌& 方式出让 &3(幅)& 地块的国有土地使用权。现将有关事项公告如下：&一、挂牌出让地块的基本情况和规划指标要求 : &二、 中华人民共和国境内外的法人、自然人和其他组织均可申请参加，申请人可以单独申请，也可以联合申请。&三、 本次国有土地使用权挂牌出让按照价高者得原则确定竞得人。 &四、 本次挂牌出让的详细资料和具体要求，见挂牌出让文件。申请人可于 &2020年06月30日& 至 &2020年07月20日& 到 &http://ghzyj.sh.gov.cn/网站、http://www.shtdsc.com& 获取 挂牌 出让文件。&五、 申请人可于 &2020年07月03日& 至 &2020年07月20日& 到 &上海市国有建设用地使用权出让网上交易系统受理平台& 向我局提交书面申请。交纳竞买保证金的截止时间为&2020年07月20日11时30分&  。经审核，申请人按规定交纳竞买保证金，具备申请条件的，我局将在 &2020年07月21日14时00分& 前确认其竞买资格。&六、 本次国有土地使用权挂牌活动&  在 &上海市土地交易市场& 进行。各地块挂牌时间分别为:&     &202013501& 号地块:&2020年07月21日09时30分& 至 &2020年07月21日14时00分& ;&     &202013502& 号地块:&2020年07月21日09时30分& 至 &2020年07月21日14时00分& ;&     &202013503& 号地块:&2020年07月21日09时30分& 至 &2020年07月21日14时00分& ;&七、 其他需要公告的事项:&    （一）挂牌时间截止时，有竞买人表示愿意继续竞价，转入现场竞价，通过现场竞价确定竞得人。& &八、 联系方式与银行帐户&                   联系地址：&                   联 系 人：&                   联系电话：&                   开户单位：&                   开户银行：&                   银行帐号：",89bc5cb5657121c51ef225fe86349723
https://www.landchina.com//DesktopModule/BizframeExtendMdl/workList/bulWorkView.aspx?wmguid=20aae8dc-4a0c-4af5-aedf-cc153eb6efdf&recorderguid=4f8c2cf0-ffc4-45f6-a635-056cc8303e9b&sitePath=,"沪告字[2020]第134号    2020/6/29||||宗地编号：#202013401#宗地总面积：#10081.5平方米#宗地坐落：#东至:天启路,南至:华江公路,西至:基地边界,北至:基地边界#出让年限：#50年#容积率：#等于2#建筑密度(%)：#绿化率(%)：#建筑限高(米)：#主要用途：#工业用地#明细用途#用途名称#面积#工业用地#10081.50#投资强度：#万元/公顷#保证金：#365万元#估价报告备案号#3102720BA0030#起始价：#加价幅度：#挂牌开始时间：#2020年07月21日09时30分#挂牌截止时间：#2020年07月21日14时00分#备注：#土地用途：科研设计用地$$$$$$$$宗地编号：#202013402#宗地总面积：#7563.9平方米#宗地坐落：#东至:基地边界,南至:基地边界,西至:基地边界,北至:基地边界#出让年限：#50年#容积率：#等于2#建筑密度(%)：#绿化率(%)：#建筑限高(米)：#主要用途：#工业用地#明细用途#用途名称#面积#工业用地#7563.90#投资强度：#万元/公顷#保证金：#269万元#估价报告备案号#3102720BA0031#起始价：#加价幅度：#挂牌开始时间：#2020年07月21日09时30分#挂牌截止时间：#2020年07月21日14时00分#备注：#土地用途：科研设计用地$$$$$$$$宗地编号：#202013403#宗地总面积：#6758.7平方米#宗地坐落：#东至:基地边界,南至:基地边界,西至:天启路,北至:基地边界#出让年限：#50年#容积率：#等于2#建筑密度(%)：#绿化率(%)：#建筑限高(米)：#主要用途：#工业用地#明细用途#用途名称#面积#工业用地#6758.70#投资强度：#万元/公顷#保证金：#237万元#估价报告备案号#3102720BA0032#起始价：#加价幅度：#挂牌开始时间：#2020年07月21日09时30分#挂牌截止时间：#2020年07月21日14时00分#备注：#土地用途：科研设计用地$$$$****    经上海市嘉定区人民政府批准,上海市嘉定区规划和自然资源局决定以 &挂牌& 方式出让 &3(幅)& 地块的国有土地使用权。现将有关事项公告如下：&一、挂牌出让地块的基本情况和规划指标要求 : &二、 中华人民共和国境内外的法人、自然人和其他组织均可申请参加，申请人可以单独申请，也可以联合申请。&三、 本次国有土地使用权挂牌出让按照价高者得原则确定竞得人。 &四、 本次挂牌出让的详细资料和具体要求，见挂牌出让文件。申请人可于 &2020年06月28日& 至 &2020年07月20日& 到 &http://ghzyj.sh.gov.cn/网站、http://www.shtdsc.com& 获取 挂牌 出让文件。&五、 申请人可于 &2020年07月01日& 至 &2020年07月20日& 到 &上海市国有建设用地使用权出让网上交易系统受理平台& 向我局提交书面申请。交纳竞买保证金的截止时间为&2020年07月20日11时30分&  。经审核，申请人按规定交纳竞买保证金，具备申请条件的，我局将在 &2020年07月21日14时00分& 前确认其竞买资格。&六、 本次国有土地使用权挂牌活动&  在 &上海市土地交易市场& 进行。各地块挂牌时间分别为:&     &202013401& 号地块:&2020年07月21日09时30分& 至 &2020年07月21日14时00分& ;&     &202013402& 号地块:&2020年07月21日09时30分& 至 &2020年07月21日14时00分& ;&     &202013403& 号地块:&2020年07月21日09时30分& 至 &2020年07月21日14时00分& ;&七、 其他需要公告的事项:&    （一）挂牌时间截止时，有竞买人表示愿意继续竞价，转入现场竞价，通过现场竞价确定竞得人。& &八、 联系方式与银行帐户&                   联系地址：&                   联 系 人：&                   联系电话：&                   开户单位：&                   开户银行：&                   银行帐号：",b8eec4981076dde09bb73e532587ca3f
https://www.landchina.com//DesktopModule/BizframeExtendMdl/workList/bulWorkView.aspx?wmguid=20aae8dc-4a0c-4af5-aedf-cc153eb6efdf&recorderguid=ac68d3cc-56e2-47a2-9f52-37f0c41a539f&sitePath=,"沪告字[2020]第133号    2020/6/24||||宗地编号：#202013301#宗地总面积：#45529平方米#宗地坐落：#东至:人民塘以西100米,南至:裕同路项目地块边界,西至:两港大道以东100米,北至:三三马路港#出让年限：#50年#容积率：#等于2#建筑密度(%)：#绿化率(%)：#建筑限高(米)：#主要用途：#工业用地#明细用途#用途名称#面积#工业用地#45529#投资强度：#万元/公顷#保证金：#544万元#估价报告备案号#3100620BA0120#起始价：#加价幅度：#挂牌开始时间：#2020年07月15日09时30分#挂牌截止时间：#2020年07月15日14时00分$$$$$$$$宗地编号：#202013302#宗地总面积：#182283.1平方米#宗地坐落：#东至:天高路,南至:飞舟路,西至:玉宇路东侧10米绿化带,北至:江山路南侧10米绿化带#出让年限：#50年#容积率：#等于2#建筑密度(%)：#绿化率(%)：#建筑限高(米)：#主要用途：#工业用地#明细用途#用途名称#面积#工业用地#182283.10#投资强度：#万元/公顷#保证金：#2157万元#估价报告备案号#3100620BA0117#起始价：#加价幅度：#挂牌开始时间：#2020年07月15日09时30分#挂牌截止时间：#2020年07月15日14时00分$$$$****    经上海市人民政府批准,上海市规划和自然资源局决定以 &挂牌& 方式出让 &2(幅)& 地块的国有土地使用权。现将有关事项公告如下：&一、挂牌出让地块的基本情况和规划指标要求 : &二、 中华人民共和国境内外的法人、自然人和其他组织均可申请参加，申请人可以单独申请，也可以联合申请。&三、 本次国有土地使用权挂牌出让按照价高者得原则确定竞得人。 &四、 本次挂牌出让的详细资料和具体要求，见挂牌出让文件。申请人可于 &2020年06月24日& 至 &2020年07月14日& 到 &http://ghzyj.sh.gov.cn/网站、http://www.shtdsc.com& 获取 挂牌 出让文件。&五、 申请人可于 &2020年06月30日& 至 &2020年07月14日& 到 &上海市国有建设用地使用权出让网上交易系统受理平台& 向我局提交书面申请。交纳竞买保证金的截止时间为&2020年07月14日11时30分&  。经审核，申请人按规定交纳竞买保证金，具备申请条件的，我局将在 &2020年07月15日11时30分& 前确认其竞买资格。&六、 本次国有土地使用权挂牌活动&  在 &上海市土地交易市场& 进行。各地块挂牌时间分别为:&     &202013301& 号地块:&2020年07月15日09时30分& 至 &2020年07月15日14时00分& ;&     &202013302& 号地块:&2020年07月15日09时30分& 至 &2020年07月15日14时00分& ;&七、 其他需要公告的事项:&    （一）挂牌时间截止时，有竞买人表示愿意继续竞价，转入现场竞价，通过现场竞价确定竞得人。& &八、 联系方式与银行帐户&                   联系地址：&                   联 系 人：&                   联系电话：&                   开户单位：&                   开户银行：&                   银行帐号：",40b81e536e72ca8a4f11734fc1130cb9
https://www.landchina.com//DesktopModule/BizframeExtendMdl/workList/bulWorkView.aspx?wmguid=20aae8dc-4a0c-4af5-aedf-cc153eb6efdf&recorderguid=53d2d9d3-4bb9-4942-93a5-a4d7b92e1bdc&sitePath=,"沪告字[2020]第132号    2020/6/24||||宗地编号：#202013201#宗地总面积：#22833.2平方米#宗地坐落：#东至:企业,南至:企业,西至:中德路,北至:面丈港#出让年限：#20年#容积率：#等于2#建筑密度(%)：#绿化率(%)：#建筑限高(米)：#主要用途：#工业用地#明细用途#用途名称#面积#工业用地#22833.20#投资强度：#万元/公顷#保证金：#213万元#估价报告备案号#3103020BA0009#起始价：#加价幅度：#挂牌开始时间：#2020年07月14日09时30分#挂牌截止时间：#2020年07月14日14时00分$$$$$$$$宗地编号：#202013202#宗地总面积：#113773.4平方米#宗地坐落：#东至:巡环东路,南至:民康东路,西至:C03-08-02号地块,北至:巡环北路#出让年限：#20年#容积率：#等于1.6#建筑密度(%)：#绿化率(%)：#建筑限高(米)：#主要用途：#工业用地#明细用途#用途名称#面积#工业用地#113773.40#投资强度：#万元/公顷#保证金：#1033万元#估价报告备案号#3102020BA0015#起始价：#加价幅度：#挂牌开始时间：#2020年07月14日09时30分#挂牌截止时间：#2020年07月14日14时00分$$$$****    经上海市松江新区人民政府批准,上海市松江区规划和自然资源局决定以 &挂牌& 方式出让 &2(幅)& 地块的国有土地使用权。现将有关事项公告如下：&一、挂牌出让地块的基本情况和规划指标要求 : &二、 中华人民共和国境内外的法人、自然人和其他组织均可申请参加，申请人可以单独申请，也可以联合申请。&三、 本次国有土地使用权挂牌出让按照价高者得原则确定竞得人。 &四、 本次挂牌出让的详细资料和具体要求，见挂牌出让文件。申请人可于 &2020年06月24日& 至 &2020年07月13日& 到 &http://ghzyj.sh.gov.cn/网站、http://www.shtdsc.com& 获取 挂牌 出让文件。&五、 申请人可于 &2020年06月30日& 至 &2020年07月13日& 到 &上海市国有建设用地使用权出让网上交易系统受理平台& 向我局提交书面申请。交纳竞买保证金的截止时间为&2020年07月13日11时30分&  。经审核，申请人按规定交纳竞买保证金，具备申请条件的，我局将在 &2020年07月14日14时00分& 前确认其竞买资格。&六、 本次国有土地使用权挂牌活动&  在 &上海市土地交易市场& 进行。各地块挂牌时间分别为:&     &202013201& 号地块:&2020年07月14日09时30分& 至 &2020年07月14日14时00分& ;&     &202013202& 号地块:&2020年07月14日09时30分& 至 &2020年07月14日14时00分& ;&七、 其他需要公告的事项:&    （一）挂牌时间截止时，有竞买人表示愿意继续竞价，转入现场竞价，通过现场竞价确定竞得人。& &八、 联系方式与银行帐户&                   联系地址：&                   联 系 人：&                   联系电话：&                   开户单位：&                   开户银行：&                   银行帐号：",6f570a6d701aaa720fa4281799e9653a
https://www.landchina.com//DesktopModule/BizframeExtendMdl/workList/bulWorkView.aspx?wmguid=20aae8dc-4a0c-4af5-aedf-cc153eb6efdf&recorderguid=048ef970-3a26-4997-9bfa-971aff6aa23b&sitePath=,"沪告字[2020]第131号    2020/6/24||||宗地编号：#202013101#宗地总面积：#34517.4平方米#宗地坐落：#东至:恒庆路,南至:瑞庆路,西至:汇庆路,北至:16-1地块（地块四至范围应以附图红线为准）#出让年限：#50年#容积率：#等于2#建筑密度(%)：#绿化率(%)：#建筑限高(米)：#主要用途：#工业用地#明细用途#用途名称#面积#工业用地#34517.40#投资强度：#万元/公顷#保证金：#1020万元#估价报告备案号#3100320BA0029#起始价：#加价幅度：#挂牌开始时间：#2020年07月14日09时30分#挂牌截止时间：#2020年07月14日14时00分$$$$****    经上海市浦东新区人民政府批准,上海市浦东新区规划和自然资源局决定以 &挂牌& 方式出让 &1(幅)& 地块的国有土地使用权。现将有关事项公告如下：&一、挂牌出让地块的基本情况和规划指标要求 : &二、 中华人民共和国境内外的法人、自然人和其他组织均可申请参加，申请人可以单独申请，也可以联合申请。&三、 本次国有土地使用权挂牌出让按照价高者得原则确定竞得人。 &四、 本次挂牌出让的详细资料和具体要求，见挂牌出让文件。申请人可于 &2020年06月24日& 至 &2020年07月14日& 到 &http://ghzyj.sh.gov.cn/网站、http://www.shtdsc.com& 获取 挂牌 出让文件。&五、 申请人可于 &2020年06月30日& 至 &2020年07月13日& 到 &上海市国有建设用地使用权出让网上交易系统受理平台& 向我局提交书面申请。交纳竞买保证金的截止时间为&2020年07月13日11时30分&  。经审核，申请人按规定交纳竞买保证金，具备申请条件的，我局将在 &2020年07月14日14时00分& 前确认其竞买资格。&六、 本次国有土地使用权挂牌活动&  在 &上海市土地交易市场& 进行。各地块挂牌时间分别为:&     &202013101& 号地块:&2020年07月14日09时30分& 至 &2020年07月14日14时00分& ;&七、 其他需要公告的事项:&    （一）挂牌时间截止时，有竞买人表示愿意继续竞价，转入现场竞价，通过现场竞价确定竞得人。& &八、 联系方式与银行帐户&                   联系地址：&                   联 系 人：&                   联系电话：&                   开户单位：&                   开户银行：&                   银行帐号：",8dc5654791edc8173b0376adac9b5d9c
https://www.landchina.com//DesktopModule/BizframeExtendMdl/workList/bulWorkView.aspx?wmguid=20aae8dc-4a0c-4af5-aedf-cc153eb6efdf&recorderguid=832b5690-8ce5-49e1-8066-e7e72192e596&sitePath=,"沪告字[2020]第130号    2020/6/23||||宗地编号：#202013001#宗地总面积：#34045.1平方米#宗地坐落：#东至眉州路，南至R-05地块，西至杨树浦港，北至周家嘴路。#出让年限：#70年#容积率：#等于2.37#建筑密度(%)：#绿化率(%)：#建筑限高(米)：#主要用途：#城镇住宅用地#明细用途#用途名称#面积#城镇住宅用地#34045.10#投资强度：#万元/公顷#保证金：#100052万元#估价报告备案号#3100620BA0135#起始价：#加价幅度：#挂牌开始时间：#2020年07月22日09时30分#挂牌截止时间：#2020年07月31日14时00分#备注：#土地用途：居住用地。$$$$****    经上海市杨浦区人民政府批准,上海市杨浦区规划和自然资源局决定以 &挂牌& 方式出让 &1(幅)& 地块的国有土地使用权。现将有关事项公告如下：&一、挂牌出让地块的基本情况和规划指标要求 : &二、 中华人民共和国境内外的法人、自然人和其他组织均可申请参加，申请人可以单独申请，也可以联合申请。&三、 本次国有土地使用权挂牌出让按照价高者得原则确定竞得人。 &四、 本次挂牌出让的详细资料和具体要求，见挂牌出让文件。申请人可于 &2020年06月23日& 至 &2020年07月20日& 到 &http://ghzyj.sh.gov.cn/网站、http://www.shtdsc.com& 获取 挂牌 出让文件。&五、 申请人可于 &2020年07月09日& 至 &2020年07月20日& 到 &上海市国有建设用地使用权出让网上交易系统受理平台& 向我局提交书面申请。交纳竞买保证金的截止时间为&2020年07月20日16时00分&  。经审核，申请人按规定交纳竞买保证金，具备申请条件的，我局将在 &2020年07月31日14时00分& 前确认其竞买资格。&六、 本次国有土地使用权挂牌活动&  在 &上海市土地交易市场& 进行。各地块挂牌时间分别为:&     &202013001& 号地块:&2020年07月22日09时30分& 至 &2020年07月31日14时00分& ;&七、 其他需要公告的事项:&    （一）挂牌时间截止时，有竞买人表示愿意继续竞价，转入现场竞价，通过现场竞价确定竞得人。& &八、 联系方式与银行帐户&                   联系地址：&                   联 系 人：&                   联系电话：&                   开户单位：&                   开户银行：&                   银行帐号：",b2c6ab419575172a40bd2bba4e91d3cb
https://www.landchina.com//DesktopModule/BizframeExtendMdl/workList/bulWorkView.aspx?wmguid=20aae8dc-4a0c-4af5-aedf-cc153eb6efdf&recorderguid=24cbd41f-0b51-4e56-b0b9-1b866bb63d92&sitePath=,"沪告字[2020]第129号    2020/6/22||||宗地编号：#202012901#宗地总面积：#11875.3平方米#宗地坐落：#东至:规划二路,南至:玉佳路,西至:园区公共通道,北至:07-03地块#出让年限：#20年#容积率：#等于2#建筑密度(%)：#绿化率(%)：#建筑限高(米)：#主要用途：#工业用地#明细用途#用途名称#面积#工业用地#11875.30#投资强度：#万元/公顷#保证金：#111万元#估价报告备案号#3102720BA0055#起始价：#加价幅度：#挂牌开始时间：#2020年07月14日09时30分#挂牌截止时间：#2020年07月14日14时00分$$$$****    经上海市松江区人民政府批准,上海市松江区规划和自然资源局决定以 &挂牌& 方式出让 &1(幅)& 地块的国有土地使用权。现将有关事项公告如下：&一、挂牌出让地块的基本情况和规划指标要求 : &二、 中华人民共和国境内外的法人、自然人和其他组织均可申请参加，申请人可以单独申请，也可以联合申请。&三、 本次国有土地使用权挂牌出让按照价高者得原则确定竞得人。 &四、 本次挂牌出让的详细资料和具体要求，见挂牌出让文件。申请人可于 &2020年06月22日& 至 &2020年07月13日& 到 &http://ghzyj.sh.gov.cn/网站、http://www.shtdsc.com& 获取 挂牌 出让文件。&五、 申请人可于 &2020年06月24日& 至 &2020年07月13日& 到 &上海市国有建设用地使用权出让网上交易系统受理平台& 向我局提交书面申请。交纳竞买保证金的截止时间为&2020年07月13日11时30分&  。经审核，申请人按规定交纳竞买保证金，具备申请条件的，我局将在 &2020年07月14日14时00分& 前确认其竞买资格。&六、 本次国有土地使用权挂牌活动&  在 &上海市土地交易市场& 进行。各地块挂牌时间分别为:&     &202012901& 号地块:&2020年07月14日09时30分& 至 &2020年07月14日14时00分& ;&七、 其他需要公告的事项:&    （一）挂牌时间截止时，有竞买人表示愿意继续竞价，转入现场竞价，通过现场竞价确定竞得人。& &八、 联系方式与银行帐户&                   联系地址：&                   联 系 人：&                   联系电话：&                   开户单位：&                   开户银行：&                   银行帐号：",b1c2d6b1e913c1649ccb1a91d52f1831
https://www.landchina.com//DesktopModule/BizframeExtendMdl/workList/bulWorkView.aspx?wmguid=20aae8dc-4a0c-4af5-aedf-cc153eb6efdf&recorderguid=e75f0416-f442-45b9-be0a-ba86835442ed&sitePath=,"沪告字[2020]第128号    2020/6/22||||宗地编号：#202012801#宗地总面积：#25782.3平方米#宗地坐落：#东至耀龙路，南至春眺路，西至晴雪路，北至高青西路。#出让年限：#70年#容积率：#等于3.33#建筑密度(%)：#绿化率(%)：#建筑限高(米)：#主要用途：#城镇住宅用地#明细用途#用途名称#面积#城镇住宅用地#25782.30#投资强度：#万元/公顷#保证金：#72980万元#估价报告备案号#3100620BA0105#起始价：#加价幅度：#挂牌开始时间：#2020年07月20日09时30分#挂牌截止时间：#2020年07月29日14时00分#备注：#土地用途：居住用地、办公楼、教育用地。
出让年限：居住用地70年、办公楼50年、教育用地50年。$$$$$$$$宗地编号：#202012802#宗地总面积：#26872.5平方米#宗地坐落：#东至金雄路，南至迎横路，西至金闸公路，北至北横河。#出让年限：#70年#容积率：#等于2.2#建筑密度(%)：#绿化率(%)：#建筑限高(米)：#主要用途：#城镇住宅用地#明细用途#用途名称#面积#城镇住宅用地#26872.50#投资强度：#万元/公顷#保证金：#18919万元#估价报告备案号#3101120BA0007#起始价：#加价幅度：#挂牌开始时间：#2020年07月20日09时30分#挂牌截止时间：#2020年07月29日14时00分#备注：#土地用途：居住用地。
出让年限：70年。$$$$****    经上海市浦东新区等规划和自然资源局批准,上海市浦东新区等人民政府决定以 &挂牌& 方式出让 &2(幅)& 地块的国有土地使用权。现将有关事项公告如下：&一、挂牌出让地块的基本情况和规划指标要求 : &二、 中华人民共和国境内外的法人、自然人和其他组织均可申请参加，申请人可以单独申请，也可以联合申请。&三、 本次国有土地使用权挂牌出让按照价高者得原则确定竞得人。 &四、 本次挂牌出让的详细资料和具体要求，见挂牌出让文件。申请人可于 &2020年06月22日& 至 &2020年07月16日& 到 &http://ghzyj.sh.gov.cn/网站、http://www.shtdsc.com& 获取 挂牌 出让文件。&五、 申请人可于 &2020年07月07日& 至 &2020年07月16日& 到 &上海市国有建设用地使用权出让网上交易系统受理平台& 向我局提交书面申请。交纳竞买保证金的截止时间为&2020年07月16日16时00分&  。经审核，申请人按规定交纳竞买保证金，具备申请条件的，我局将在 &2020年07月29日14时00分& 前确认其竞买资格。&六、 本次国有土地使用权挂牌活动&  在 &上海市土地交易市场& 进行。各地块挂牌时间分别为:&     &202012801& 号地块:&2020年07月20日09时30分& 至 &2020年07月29日14时00分& ;&     &202012802& 号地块:&2020年07月20日09时30分& 至 &2020年07月29日14时00分& ;&七、 其他需要公告的事项:&    （一）挂牌时间截止时，有竞买人表示愿意继续竞价，转入现场竞价，通过现场竞价确定竞得人。& &八、 联系方式与银行帐户&                   联系地址：&                   联 系 人：&                   联系电话：&                   开户单位：&                   开户银行：&                   银行帐号：",4304b452b9d4ca4debeeccb52fc1925b
https://www.landchina.com//DesktopModule/BizframeExtendMdl/workList/bulWorkView.aspx?wmguid=20aae8dc-4a0c-4af5-aedf-cc153eb6efdf&recorderguid=91d12946-2004-4183-b1ad-6dd72d531f0e&sitePath=,"沪西精[2020]频127号    2020/6/19||||宗姹嗪牛#202012701#宗胬峙p郏#5153.5挂米#宗孀落：#y至:徐泰路,热至:骑龙港,引至:习划A2a-01婵,视至:京民小登#出让赢限：#70赢#容勐剩#等T1.5#水筑脸迎(%)：#态论率(%)：#水筑限巛(米)：#修革T途：#有镇住宅T#巯T途#T途退称#p#有镇住宅T#5153.50#投抱煊：#万元/周顷#保证金：#4329万元#估价田西备案号#3102420BA0037#起始价：#方价幅迎：#博张藏始攫间：#2020赢07月09指09攫30分#博张截止攫间：#2020赢07月09指14攫00分$$$$$$$$宗姹嗪牛#202012702#宗胬峙p郏#17587.2挂米#宗孀落：#y至:习划A6d-06c,热至:振泾路,引至:徐安路,视至:徐孝路#出让赢限：#70赢#容勐剩#等T2.3#水筑脸迎(%)：#态论率(%)：#水筑限巛(米)：#修革T途：#有镇住宅T#巯T途#T途退称#p#有镇住宅T#17587.20#投抱煊：#万元/周顷#保证金：#22653万元#估价田西备案号#3102420BA0036#起始价：#方价幅迎：#博张藏始攫间：#2020赢07月09指09攫30分#博张截止攫间：#2020赢07月09指14攫00分$$$$****    罟|巴坚青浦登素作想当批点,|巴坚青浦登习划和自然抱光招h以 &博张& 式出让 &2(幅)& 婵橹谄诒ú媸T临。现将报机排项周西务本：&一、博张出让婵橹诨}公况和习划毛c革求 : &二、 q民素作布和期血内黑众U素、自然素和军他组织均可t梦央方，t梦素可以高独t梦，也可以联合t梦。&三、 }次期报产媸T临博张出让按照价巛者R原则确hqR素。 &四、 }次博张出让众详细抱料和局里革求，ú┱懦鋈梦尥痢ｈt梦素可T &2020赢06月19指& 至 &2020赢07月08指& 到 &http://ghzyj.sh.gov.cn/山区、http://www.shtdsc.com& 获取 博张 出让无土。&五、 t梦素可T &2020赢06月24指& 至 &2020赢07月08指& 到 &|巴坚产娼灰准岢& 向规招提交多pt梦。交纳q买保证金众截止攫间悬&2020赢07月08指11攫30分&  。钌蠛耍t梦素按习h交纳q买保证金，局备t梦条土众，规招将W &2020赢07月09指14攫00分& 前确续军q买抱格。&印、 }次期报产媸T临博张平单&  W &|巴坚产娼灰准岢& 具申。各婵椴┱啪鸺浞直鹦:&     &202012701& 号婵:&2020赢07月09指09攫30分& 至 &2020赢07月09指14攫00分& ;&     &202012702& 号婵:&2020赢07月09指09攫30分& 至 &2020赢07月09指14攫00分& ;&据、 军他需革周西众排项:&    （一）博张攫间截止攫，报q买素表行愿意继狐q价，去层现场q价，外过现场q价确hqR素。& &八、 联选式黄银申帐&                   联选嬷罚&                   联 选 素：&                   联选讲话：&                   藏高软：&                   藏银申：&                   银申帐号：",069742b113b14bcbc74e33eeae87555d
https://www.landchina.com//DesktopModule/BizframeExtendMdl/workList/bulWorkView.aspx?wmguid=20aae8dc-4a0c-4af5-aedf-cc153eb6efdf&recorderguid=cdf90521-92b8-4f2e-be1a-c18fa13884af&sitePath=,"沪告字[2020]第126号    2020/6/19||||宗地编号：#202012601#宗地总面积：#40891.8平方米#宗地坐落：#东至:中瑞路,南至:用地红线,西至:用地红线,北至:用地红线#出让年限：#70年#容积率：#等于1.2#建筑密度(%)：#绿化率(%)：#建筑限高(米)：#主要用途：#城镇住宅用地#明细用途#用途名称#面积#城镇住宅用地#40891.80#投资强度：#万元/公顷#保证金：#21297万元#估价报告备案号#3101220BA0037#起始价：#加价幅度：#挂牌开始时间：#2020年07月20日09时30分#挂牌截止时间：#2020年07月29日14时00分#备注：#土地用途：居住用地；出让方式详见本地块出让文件。$$$$****    经上海市闵行区人民政府批准,上海市闵行区规划和自然资源局决定以 &挂牌& 方式出让 &1(幅)& 地块的国有土地使用权。现将有关事项公告如下：&一、挂牌出让地块的基本情况和规划指标要求 : &二、 中华人民共和国境内外的法人、自然人和其他组织均可申请参加，申请人可以单独申请，也可以联合申请。&三、 本次国有土地使用权挂牌出让按照价高者得原则确定竞得人。 &四、 本次挂牌出让的详细资料和具体要求，见挂牌出让文件。申请人可于 &2020年06月19日& 至 &2020年07月16日& 到 &http://ghzyj.sh.gov.cn/网站、http://www.shtdsc.com& 获取 挂牌 出让文件。&五、 申请人可于 &2020年07月03日& 至 &2020年07月16日& 到 &上海市国有建设用地使用权出让网上交易系统受理平台& 向我局提交书面申请。交纳竞买保证金的截止时间为&2020年07月16日16时00分&  。经审核，申请人按规定交纳竞买保证金，具备申请条件的，我局将在 &2020年07月29日14时00分& 前确认其竞买资格。&六、 本次国有土地使用权挂牌活动&  在 &上海市土地交易市场& 进行。各地块挂牌时间分别为:&     &202012601& 号地块:&2020年07月20日09时30分& 至 &2020年07月29日14时00分& ;&七、 其他需要公告的事项:&    （一）挂牌时间截止时，有竞买人表示愿意继续竞价，转入现场竞价，通过现场竞价确定竞得人。& &八、 联系方式与银行帐户&                   联系地址：&                   联 系 人：&                   联系电话：&                   开户单位：&                   开户银行：&                   银行帐号：",64d3ae8436a7b2edcd0f04abc0b18a10
https://www.landchina.com//DesktopModule/BizframeExtendMdl/workList/bulWorkView.aspx?wmguid=20aae8dc-4a0c-4af5-aedf-cc153eb6efdf&recorderguid=f09aa595-87d6-40fe-9305-e3ad24bc6ecb&sitePath=,"沪告字[2020]第125号    2020/6/19||||宗地编号：#202012501#宗地总面积：#110003平方米#宗地坐落：#东至:双金公路,南至:创厍路,西至:创塔路,北至:新松港#出让年限：#20年#容积率：#等于2#建筑密度(%)：#绿化率(%)：#建筑限高(米)：#主要用途：#工业用地#明细用途#用途名称#面积#工业用地#110003#投资强度：#万元/公顷#保证金：#1008万元#估价报告备案号#3103020BA0007#起始价：#加价幅度：#挂牌开始时间：#2020年07月09日09时30分#挂牌截止时间：#2020年07月09日14时00分$$$$****    经上海市松江区人民政府批准,上海市松江区规划和自然资源局决定以 &挂牌& 方式出让 &1(幅)& 地块的国有土地使用权。现将有关事项公告如下：&一、挂牌出让地块的基本情况和规划指标要求 : &二、 中华人民共和国境内外的法人、自然人和其他组织均可申请参加，申请人可以单独申请，也可以联合申请。&三、 本次国有土地使用权挂牌出让按照价高者得原则确定竞得人。 &四、 本次挂牌出让的详细资料和具体要求，见挂牌出让文件。申请人可于 &2020年06月19日& 至 &2020年07月08日& 到 &http://ghzyj.sh.gov.cn/网站、http://www.shtdsc.com& 获取 挂牌 出让文件。&五、 申请人可于 &2020年06月24日& 至 &2020年07月08日& 到 &上海市国有建设用地使用权出让网上交易系统受理平台& 向我局提交书面申请。交纳竞买保证金的截止时间为&2020年07月08日11时30分&  。经审核，申请人按规定交纳竞买保证金，具备申请条件的，我局将在 &2020年07月09日14时00分& 前确认其竞买资格。&六、 本次国有土地使用权挂牌活动&  在 &上海市土地交易市场& 进行。各地块挂牌时间分别为:&     &202012501& 号地块:&2020年07月09日09时30分& 至 &2020年07月09日14时00分& ;&七、 其他需要公告的事项:&    （一）挂牌时间截止时，有竞买人表示愿意继续竞价，转入现场竞价，通过现场竞价确定竞得人。& &八、 联系方式与银行帐户&                   联系地址：&                   联 系 人：&                   联系电话：&                   开户单位：&                   开户银行：&                   银行帐号：",c2ed38cc5ed3440ba5aa775a06d316f8
https://www.landchina.com//DesktopModule/BizframeExtendMdl/workList/bulWorkView.aspx?wmguid=20aae8dc-4a0c-4af5-aedf-cc153eb6efdf&recorderguid=08d4ddcd-772a-4e6e-a92b-4e714dab5bfe&sitePath=,"沪告字[2020]第124号    2020/6/19||||宗地编号：#202012401#宗地总面积：#11605平方米#宗地坐落：#东至:陆翔路,南至:宝安公路,西至:天纯路,北至:周家浜河#出让年限：#50年#容积率：#等于3.5#建筑密度(%)：#绿化率(%)：#建筑限高(米)：#主要用途：#工业用地#明细用途#用途名称#面积#工业用地#11605#投资强度：#万元/公顷#保证金：#581万元#估价报告备案号#起始价：#加价幅度：#挂牌开始时间：#2020年07月08日09时30分#挂牌截止时间：#2020年07月08日14时00分#备注：#土地用途：科研设计用地$$$$****    经上海市宝山区人民政府批准,上海市宝山区规划和自然资源局决定以 &挂牌& 方式出让 &1(幅)& 地块的国有土地使用权。现将有关事项公告如下：&一、挂牌出让地块的基本情况和规划指标要求 : &二、 中华人民共和国境内外的法人、自然人和其他组织均可申请参加，申请人可以单独申请，也可以联合申请。&三、 本次国有土地使用权挂牌出让按照价高者得原则确定竞得人。 &四、 本次挂牌出让的详细资料和具体要求，见挂牌出让文件。申请人可于 &2020年06月18日& 至 &2020年07月08日& 到 &http://ghzyj.sh.gov.cn/网站、http://www.shtdsc.com& 获取 挂牌 出让文件。&五、 申请人可于 &2020年06月18日& 至 &2020年07月07日& 到 &上海市国有建设用地使用权出让网上交易系统受理平台& 向我局提交书面申请。交纳竞买保证金的截止时间为&2020年07月07日11时30分&  。经审核，申请人按规定交纳竞买保证金，具备申请条件的，我局将在 &2020年07月08日14时00分& 前确认其竞买资格。&六、 本次国有土地使用权挂牌活动&  在 &上海市土地交易市场& 进行。各地块挂牌时间分别为:&     &202012401& 号地块:&2020年07月08日09时30分& 至 &2020年07月08日14时00分& ;&七、 其他需要公告的事项:&    （一）挂牌时间截止时，有竞买人表示愿意继续竞价，转入现场竞价，通过现场竞价确定竞得人。& &八、 联系方式与银行帐户&                   联系地址：&                   联 系 人：&                   联系电话：&                   开户单位：&                   开户银行：&                   银行帐号：",3d4c91e040ebdde2b3eccf907b017190
https://www.landchina.com//DesktopModule/BizframeExtendMdl/workList/bulWorkView.aspx?wmguid=20aae8dc-4a0c-4af5-aedf-cc153eb6efdf&recorderguid=1cda6c59-08ee-4cab-8687-a265166798d1&sitePath=,"沪告字[2020]第123号    2020/6/19||||宗地编号：#202012301#宗地总面积：#53628.8平方米#宗地坐落：#东至:墨玉北路,南至:德友路,西至:彤闻路,北至:前炬路#出让年限：#70年#容积率：#等于2.5#建筑密度(%)：#绿化率(%)：#建筑限高(米)：#主要用途：#城镇住宅用地#明细用途#用途名称#面积#城镇住宅用地#53628.80#投资强度：#万元/公顷#保证金：#30837万元#估价报告备案号#3100520BA0021#起始价：#加价幅度：#挂牌开始时间：#2020年07月17日09时30分#挂牌截止时间：#2020年07月28日14时00分#备注：#土地用途：商住办；出让年限：商业40年、住宅70年、办公50年；出让方式详见本地块出让文件。$$$$$$$$宗地编号：#202012302#宗地总面积：#27819.3平方米#宗地坐落：#东至:华浦路,南至:盈港东路,西至:汤家浜,北至:水渡浜#出让年限：#70年#容积率：#等于2.2#建筑密度(%)：#绿化率(%)：#建筑限高(米)：#主要用途：#城镇住宅用地#明细用途#用途名称#面积#城镇住宅用地#27819.30#投资强度：#万元/公顷#保证金：#23257万元#估价报告备案号#3100320BB0027|3100320BA0026#起始价：#加价幅度：#挂牌开始时间：#2020年07月17日09时30分#挂牌截止时间：#2020年07月28日14时00分#备注：#土地用途：居住用地；出让方式详见本地块出让文件。$$$$****    经上海市嘉定等区人民政府批准,上海市嘉定等区规划和自然资源局决定以 &挂牌& 方式出让 &2(幅)& 地块的国有土地使用权。现将有关事项公告如下：&一、挂牌出让地块的基本情况和规划指标要求 : &二、 中华人民共和国境内外的法人、自然人和其他组织均可申请参加，申请人可以单独申请，也可以联合申请。&三、 本次国有土地使用权挂牌出让按照价高者得原则确定竞得人。 &四、 本次挂牌出让的详细资料和具体要求，见挂牌出让文件。申请人可于 &2020年06月18日& 至 &2020年07月15日& 到 &http://ghzyj.sh.gov.cn/网站、http://www.shtdsc.com& 获取 挂牌 出让文件。&五、 申请人可于 &2020年07月08日& 至 &2020年07月15日& 到 &上海市国有建设用地使用权出让网上交易系统受理平台& 向我局提交书面申请。交纳竞买保证金的截止时间为&2020年07月15日16时00分&  。经审核，申请人按规定交纳竞买保证金，具备申请条件的，我局将在 &2020年07月28日14时00分& 前确认其竞买资格。&六、 本次国有土地使用权挂牌活动&  在 &上海市土地交易市场& 进行。各地块挂牌时间分别为:&     &202012301& 号地块:&2020年07月17日09时30分& 至 &2020年07月28日14时00分& ;&     &202012302& 号地块:&2020年07月17日09时30分& 至 &2020年07月28日14时00分& ;&七、 其他需要公告的事项:&    （一）挂牌时间截止时，有竞买人表示愿意继续竞价，转入现场竞价，通过现场竞价确定竞得人。& &八、 联系方式与银行帐户&                   联系地址：&                   联 系 人：&                   联系电话：&                   开户单位：&                   开户银行：&                   银行帐号：",7101d7ce3915da578cc4ddcd3b2c7abb
https://www.landchina.com//DesktopModule/BizframeExtendMdl/workList/bulWorkView.aspx?wmguid=20aae8dc-4a0c-4af5-aedf-cc153eb6efdf&recorderguid=bd4ab4e3-ab94-4561-bf5c-015dc753d099&sitePath=,"沪告字[2020]第122号    2020/6/19||||宗地编号：#202012201#宗地总面积：#34507.1平方米#宗地坐落：#东至:华琼路,南至:盈港东路,西至:中横泾路,北至:达慧路#出让年限：#40年#容积率：#等于4#建筑密度(%)：#绿化率(%)：#建筑限高(米)：#主要用途：#商务金融用地#明细用途#用途名称#面积#商务金融用地#34507.10#投资强度：#万元/公顷#保证金：#10143万元#估价报告备案号#3100620BA0092#起始价：#加价幅度：#挂牌开始时间：#2020年07月17日09时30分#挂牌截止时间：#2020年07月27日09时30分#备注：#容积率：06B-01：4.0;13A-04：3.5；土地用途：商办、餐饮旅馆业用地；出让年限：商业40年、办公50年、餐饮旅馆业用地40年；$$$$****    经上海市青浦区人民政府批准,上海市青浦区规划和自然资源局决定以 &挂牌& 方式出让 &1(幅)& 地块的国有土地使用权。现将有关事项公告如下：&一、挂牌出让地块的基本情况和规划指标要求 : &二、 中华人民共和国境内外的法人、自然人和其他组织均可申请参加，申请人可以单独申请，也可以联合申请。&三、 本次国有土地使用权挂牌出让按照价高者得原则确定竞得人。 &四、 本次挂牌出让的详细资料和具体要求，见挂牌出让文件。申请人可于 &2020年06月18日& 至 &2020年07月23日& 到 &http://ghzyj.sh.gov.cn/网站、http://www.shtdsc.com& 获取 挂牌 出让文件。&五、 申请人可于 &2020年07月08日& 至 &2020年07月23日& 到 &上海市国有建设用地使用权出让网上交易系统受理平台& 向我局提交书面申请。交纳竞买保证金的截止时间为&2020年07月15日16时00分&  。经审核，申请人按规定交纳竞买保证金，具备申请条件的，我局将在 &2020年07月27日09时30分& 前确认其竞买资格。&六、 本次国有土地使用权挂牌活动&  在 &上海市土地交易市场& 进行。各地块挂牌时间分别为:&     &202012201& 号地块:&2020年07月17日09时30分& 至 &2020年07月27日09时30分& ;&七、 其他需要公告的事项:&    （一）挂牌时间截止时，有竞买人表示愿意继续竞价，转入现场竞价，通过现场竞价确定竞得人。& &八、 联系方式与银行帐户&                   联系地址：&                   联 系 人：&                   联系电话：&                   开户单位：&                   开户银行：&                   银行帐号：",1a740ac8797d6792411243ac603d2877
https://www.landchina.com//DesktopModule/BizframeExtendMdl/workList/bulWorkView.aspx?wmguid=20aae8dc-4a0c-4af5-aedf-cc153eb6efdf&recorderguid=d7da40ec-c1e4-43c9-9c9a-da6dd3704c63&sitePath=,"沪告字[2020]第121号号    2020/6/19||||宗地编号：#202012101#宗地总面积：#76242.2平方米#宗地坐落：#东至:河道,南至:河道,西至:龙泉山路,北至:九江路#出让年限：#70年#容积率：#等于1.3#建筑密度(%)：#绿化率(%)：#建筑限高(米)：#主要用途：#城镇住宅用地#明细用途#用途名称#面积#城镇住宅用地#76242.20#投资强度：#万元/公顷#保证金：#6205万元#估价报告备案号#3101718BA0022#起始价：#加价幅度：#挂牌开始时间：#2020年07月08日09时30分#挂牌截止时间：#2020年07月08日14时00分#备注：#土地用途：征收安置房$$$$$$$$宗地编号：#202012102#宗地总面积：#44500.1平方米#宗地坐落：#东至:01-04号地块,南至:泗博路,西至:彭州路,北至:孟泾#出让年限：#70年#容积率：#等于1.8#建筑密度(%)：#绿化率(%)：#建筑限高(米)：#主要用途：#城镇住宅用地#明细用途#用途名称#面积#城镇住宅用地#44500.10#投资强度：#万元/公顷#保证金：#4579万元#估价报告备案号#3101718BA0006#起始价：#加价幅度：#挂牌开始时间：#2020年07月08日09时30分#挂牌截止时间：#2020年07月08日14时00分#备注：#土地用途：征收安置房$$$$$$$$宗地编号：#202012103#宗地总面积：#32769.8平方米#宗地坐落：#东至:启秀路,南至:唐家浜,西至:基地边界,北至:树屏东路#出让年限：#70年#容积率：#等于1.6#建筑密度(%)：#绿化率(%)：#建筑限高(米)：#主要用途：#城镇住宅用地#明细用途#用途名称#面积#城镇住宅用地#32769.80#投资强度：#万元/公顷#保证金：#2006万元#估价报告备案号#3100619BA0150#起始价：#加价幅度：#挂牌开始时间：#2020年07月08日09时30分#挂牌截止时间：#2020年07月08日14时00分#备注：#土地用途：征收安置房$$$$****    经上海市松江等区人民政府批准,上海市松江等区规划和自然资源局决定以 &挂牌& 方式出让 &3(幅)& 地块的国有土地使用权。现将有关事项公告如下：&一、挂牌出让地块的基本情况和规划指标要求 : &二、 中华人民共和国境内外的法人、自然人和其他组织均可申请参加，申请人可以单独申请，也可以联合申请。&三、 本次国有土地使用权挂牌出让按照价高者得原则确定竞得人。 &四、 本次挂牌出让的详细资料和具体要求，见挂牌出让文件。申请人可于 &2020年06月18日& 至 &2020年07月08日& 到 &http://ghzyj.sh.gov.cn/网站、http://www.shtdsc.com& 获取 挂牌 出让文件。&五、 申请人可于 &2020年06月23日& 至 &2020年07月07日& 到 &上海市国有建设用地使用权出让网上交易系统受理平台& 向我局提交书面申请。交纳竞买保证金的截止时间为&2020年07月07日11时30分&  。经审核，申请人按规定交纳竞买保证金，具备申请条件的，我局将在 &2020年07月08日14时00分& 前确认其竞买资格。&六、 本次国有土地使用权挂牌活动&  在 &上海市土地交易市场& 进行。各地块挂牌时间分别为:&     &202012101& 号地块:&2020年07月08日09时30分& 至 &2020年07月08日14时00分& ;&     &202012102& 号地块:&2020年07月08日09时30分& 至 &2020年07月08日14时00分& ;&     &202012103& 号地块:&2020年07月08日09时30分& 至 &2020年07月08日14时00分& ;&七、 其他需要公告的事项:&    （一）挂牌时间截止时，有竞买人表示愿意继续竞价，转入现场竞价，通过现场竞价确定竞得人。& &八、 联系方式与银行帐户&                   联系地址：&                   联 系 人：&                   联系电话：&                   开户单位：&                   开户银行：&                   银行帐号：",36128df60f073ad4a36722bd5e18a41f
https://www.landchina.com//DesktopModule/BizframeExtendMdl/workList/bulWorkView.aspx?wmguid=20aae8dc-4a0c-4af5-aedf-cc153eb6efdf&recorderguid=6ffc8007-c7e3-4020-bca4-01dd94470ef9&sitePath=,"沪告字[2020]第120号    2020/6/19||||宗地编号：#202012001#宗地总面积：#2619.7平方米#宗地坐落：#东至:规划A6d-06c地块,南至:规划A6d-06b地块,西至:规划A6d-06b地块,北至:徐孝路#出让年限：#40年#容积率：#等于2.6#建筑密度(%)：#绿化率(%)：#建筑限高(米)：#主要用途：#商务金融用地#明细用途#用途名称#面积#商务金融用地#2619.70#投资强度：#万元/公顷#保证金：#1213万元#估价报告备案号#3102420BA0038#起始价：#加价幅度：#挂牌开始时间：#2020年07月08日09时30分#挂牌截止时间：#2020年07月08日14时00分#备注：#土地用途：商办、出让年限：商业40年、办公50年$$$$****    经上海市青浦区人民政府批准,上海市青浦区规划和自然资源局决定以 &挂牌& 方式出让 &1(幅)& 地块的国有土地使用权。现将有关事项公告如下：&一、挂牌出让地块的基本情况和规划指标要求 : &二、 中华人民共和国境内外的法人、自然人和其他组织均可申请参加，申请人可以单独申请，也可以联合申请。&三、 本次国有土地使用权挂牌出让按照价高者得原则确定竞得人。 &四、 本次挂牌出让的详细资料和具体要求，见挂牌出让文件。申请人可于 &2020年06月18日& 至 &2020年07月08日& 到 &http://ghzyj.sh.gov.cn/网站、http://www.shtdsc.com& 获取 挂牌 出让文件。&五、 申请人可于 &2020年06月23日& 至 &2020年07月08日& 到 &上海市国有建设用地使用权出让网上交易系统受理平台& 向我局提交书面申请。交纳竞买保证金的截止时间为&2020年07月07日11时30分&  。经审核，申请人按规定交纳竞买保证金，具备申请条件的，我局将在 &2020年07月08日14时00分& 前确认其竞买资格。&六、 本次国有土地使用权挂牌活动&  在 &上海市土地交易市场& 进行。各地块挂牌时间分别为:&     &202012001& 号地块:&2020年07月08日09时30分& 至 &2020年07月08日14时00分& ;&七、 其他需要公告的事项:&    （一）挂牌时间截止时，有竞买人表示愿意继续竞价，转入现场竞价，通过现场竞价确定竞得人。& &八、 联系方式与银行帐户&                   联系地址：&                   联 系 人：&                   联系电话：&                   开户单位：&                   开户银行：&                   银行帐号：",c3d4376d07aab904608325ce1f1503cd
https://www.landchina.com//DesktopModule/BizframeExtendMdl/workList/bulWorkView.aspx?wmguid=20aae8dc-4a0c-4af5-aedf-cc153eb6efdf&recorderguid=10b396d8-2d79-4a4a-b38b-17ff0b3adc1c&sitePath=,"沪告字[2020]第119号    2020/6/17||||宗地编号：#202011901#宗地总面积：#103434.6平方米#宗地坐落：#东至:杨泰路,南至:宝杨路,西至:月城路,北至:YH-B-2-06-04地块#出让年限：#70年#容积率：#等于2#建筑密度(%)：#绿化率(%)：#建筑限高(米)：#主要用途：#城镇住宅用地#明细用途#用途名称#面积#城镇住宅用地#103434.60#投资强度：#万元/公顷#保证金：#18228万元#估价报告备案号#3102717BA0010#起始价：#加价幅度：#挂牌开始时间：#2020年07月07日09时30分#挂牌截止时间：#2020年07月07日14时00分#备注：#土地用途：征收安置房$$$$****    经上海市宝山区人民政府批准,上海市宝山区规划和自然资源局决定以 &挂牌& 方式出让 &1(幅)& 地块的国有土地使用权。现将有关事项公告如下：&一、挂牌出让地块的基本情况和规划指标要求 : &二、 中华人民共和国境内外的法人、自然人和其他组织均可申请参加，申请人可以单独申请，也可以联合申请。&三、 本次国有土地使用权挂牌出让按照价高者得原则确定竞得人。 &四、 本次挂牌出让的详细资料和具体要求，见挂牌出让文件。申请人可于 &2020年06月17日& 至 &2020年07月06日& 到 &http://ghzyj.sh.gov.cn/网站、http://www.shtdsc.com& 获取 挂牌 出让文件。&五、 申请人可于 &2020年06月19日& 至 &2020年07月06日& 到 &上海市国有建设用地使用权出让网上交易系统受理平台& 向我局提交书面申请。交纳竞买保证金的截止时间为&2020年07月06日11时30分&  。经审核，申请人按规定交纳竞买保证金，具备申请条件的，我局将在 &2020年07月07日14时00分& 前确认其竞买资格。&六、 本次国有土地使用权挂牌活动&  在 &上海市土地交易市场& 进行。各地块挂牌时间分别为:&     &202011901& 号地块:&2020年07月07日09时30分& 至 &2020年07月07日14时00分& ;&七、 其他需要公告的事项:&    （一）挂牌时间截止时，有竞买人表示愿意继续竞价，转入现场竞价，通过现场竞价确定竞得人。& &八、 联系方式与银行帐户&                   联系地址：&                   联 系 人：&                   联系电话：&                   开户单位：&                   开户银行：&                   银行帐号：",289ef36a6cb4f1a41cfc4c67fe22211d
https://www.landchina.com//DesktopModule/BizframeExtendMdl/workList/bulWorkView.aspx?wmguid=20aae8dc-4a0c-4af5-aedf-cc153eb6efdf&recorderguid=3af0f3ab-0bad-4305-a823-58e11f2c13eb&sitePath=,"沪标告字[2020]第00602号    2020/6/16||||宗地编号：#B202000602#宗地总面积：#28358.4平方米#宗地坐落：#东至崧达路,西至雅凯公司,南至华友公司,北至崧煌路#出让年限：#20年#容积率：#等于1.21#建筑密度(%)：#绿化率(%)：#建筑限高(米)：#主要用途：#工业用地#明细用途#用途名称#面积#工业用地#28358.40#投资强度：#万元/公顷#保证金：#426万元#估价报告备案号#3102720BA0022#起始价：#加价幅度：#挂牌开始时间：#2020年06月17日14时00分#挂牌截止时间：#2020年06月17日17时00分#备注：#该地块为产业用地高质量标准化挂牌出让，已于2020年5月7日在http://ghzyj.sh.gov.cn/网站、http://www.shtdsc.com网站发布的上海市高质量标准化国有建设用地使用权出让信息公告沪标告字（2020）第006号中予以公告，现于2020年6月15日在上述网站发布交易提示确定现场交易时间。地块的领取出让文件、资格确认、保证方式等以本地块竞买须知的规定为准。$$$$****    经上海市青浦区人民政府批准,上海市青浦区规划和自然资源局决定以 &挂牌& 方式出让 &1(幅)& 地块的国有土地使用权。现将有关事项公告如下：&一、挂牌出让地块的基本情况和规划指标要求 : &二、 中华人民共和国境内外的法人、自然人和其他组织均可申请参加，申请人可以单独申请，也可以联合申请。&三、 本次国有土地使用权挂牌出让按照价高者得原则确定竞得人。 &四、 本次挂牌出让的详细资料和具体要求，见挂牌出让文件。申请人可于 &2020年05月07日& 至 &2020年07月07日& 到 &http://ghzyj.sh.gov.cn/网站、http://www.shtdsc.com网站& 获取 挂牌 出让文件。&五、 申请人可于 &2020年06月17日& 至 &2020年06月17日& 到 &青浦区华青南路485号芊岱大厦10楼土地储备中心& 向我局提交书面申请。交纳竞买保证金的截止时间为&2020年06月17日17时00分&  。经审核，申请人按规定交纳竞买保证金，具备申请条件的，我局将在 &2020年07月07日17时00分& 前确认其竞买资格。&六、 本次国有土地使用权挂牌活动&  在 &青浦区华青南路485号芊岱大厦10楼& 进行。各地块挂牌时间分别为:&     &B202000602& 号地块:&2020年06月17日14时00分& 至 &2020年06月17日17时00分& ;&七、 其他需要公告的事项:&    （一）挂牌时间截止时，有竞买人表示愿意继续竞价，转入现场竞价，通过现场竞价确定竞得人。& &八、 联系方式与银行帐户&                   联系地址：&                   联 系 人：&                   联系电话：&                   开户单位：&                   开户银行：&                   银行帐号：",3aeeaee6ea1b4e9b23aec24cefe14509
